date,action,trigger,contracts,expiry,strike,spot,iv,option_price,cashflow,delta,dte,note
2020-01-27,open,entry,3,2022-03-18,194.73758503842635,209.7727421734548,0.15,28.458167994678753,-8539.400398403626,0.7000198294370367,781,budget=10000
2020-02-24,open,entry,2,2022-03-18,195.38538948679684,213.63730601341578,0.18583493733669493,34.1313087397755,-6827.5617479551,0.6999984421833204,753,budget=10179
2020-02-27,open,entry,2,2022-03-18,183.14123978625958,203.2483721444078,0.22771385799152263,38.18454786114953,-7638.209572229906,0.7000109591125073,750,budget=10053
2020-02-28,open,entry,2,2022-03-18,172.56385059176637,191.43320133517085,0.2265316059186257,35.7984972547177,-7160.999450943541,0.7000136565148686,749,budget=9530
2020-03-05,open,entry,2,2022-03-18,182.09907364190448,204.97347303257527,0.28345729532910713,45.39195633801235,-9079.69126760247,0.7000178522630781,743,budget=10828
2020-03-06,open,entry,2,2022-03-18,175.1545089422911,197.24441971991627,0.28580848667452474,43.927732691520184,-8786.846538304037,0.7000183664044082,742,budget=10286
2020-03-09,open,entry,2,2022-03-18,164.55882139858267,186.46037324294198,0.3256848737608826,45.617289779376755,-9124.75795587535,0.7000143134747172,739,budget=9912
2020-03-11,open,entry,1,2022-03-18,169.0974293969328,192.11743316677843,0.3579021065734874,50.18903636739302,-5019.5536367393015,0.7000029362366247,737,budget=5459
2020-03-27,open,entry,1,2022-03-18,165.51250726873965,180.53193306458388,0.5928312093497329,64.42828259563764,-6443.4782595637635,0.699989169730527,721,budget=6598
2020-04-15,open,entry,1,2022-06-17,185.47763830371903,201.34431381032275,0.6315677217886168,76.41164184206932,-7641.814184206931,0.6999995590169259,793,budget=7913
2020-04-21,open,entry,1,2022-06-17,187.83851826732553,203.39179805275916,0.6380607817815237,77.4488490466767,-7745.534904667669,0.6999999765642523,787,budget=8075
2020-06-11,open,entry,1,2022-06-17,200.5225851416545,233.87156840895028,0.4089398536572725,66.85483787586733,-6686.133787586733,0.699986287215465,736,budget=7913
2020-07-09,close,harvest_roll,2,2022-03-18,164.55882139858267,253.6466522216797,0.27667664344700504,91.42487430445014,18283.67486089003,0.9067957417512656,617,roll_harvest_roll
2020-07-09,open,harvest_roll,2,2022-09-16,219.0721606751188,253.6466522216797,0.27667664344700504,56.712660620894496,-11343.832124178898,0.6999999787410012,799,"replaces old 2 contracts, proceeds=18284"
2020-07-09,close,harvest_roll,1,2022-03-18,165.51250726873965,253.6466522216797,0.27667664344700504,90.62691175561334,9062.041175561333,0.9042774932985587,617,roll_harvest_roll
2020-07-09,open,harvest_roll,1,2022-09-16,219.0721606751188,253.6466522216797,0.27667664344700504,56.712660620894496,-5671.916062089449,0.6999999787410012,799,"replaces old 1 contracts, proceeds=9062"
2020-07-14,open,entry,1,2022-09-16,213.85871248549967,247.60009296158933,0.27782893085203964,55.399574828029195,-5540.60748280292,0.6999999788398695,794,budget=7792
2020-07-17,close,harvest_roll,1,2022-03-18,169.0974293969328,250.9765167236328,0.25555003279115357,84.04951058759103,8404.301058759103,0.9033696974707762,609,roll_harvest_roll
2020-07-17,open,harvest_roll,1,2022-09-16,217.90825310637797,250.9765167236328,0.25555003279115357,52.65529367651673,-5266.179367651673,0.6999999770615102,791,"replaces old 1 contracts, proceeds=8404"
2020-07-20,close,harvest_roll,2,2022-03-18,172.56385059176637,258.09698486328125,0.26073351719661864,87.80012658700645,17558.72531740129,0.9042440119655198,606,roll_harvest_roll
2020-07-20,open,harvest_roll,2,2022-09-16,223.84535499174112,258.09698486328125,0.26073351719661864,54.89998568335568,-10981.297136671135,0.6999999765983209,788,"replaces old 2 contracts, proceeds=17559"
2020-07-24,open,entry,1,2022-09-16,213.41501156581074,245.77160989023767,0.25673026433802437,51.56567215587237,-5157.217215587237,0.6999999770859452,784,budget=7451
2020-07-31,close,harvest_roll,2,2022-03-18,175.1545089422911,257.13916015625,0.2529469109625474,84.25162472881145,16849.024945762292,0.9017775700576552,595,roll_harvest_roll
2020-07-31,open,harvest_roll,2,2022-09-16,223.5946125396212,257.13916015625,0.2529469109625474,53.15669587107135,-10632.63917421427,0.6999999781682733,777,"replaces old 2 contracts, proceeds=16849"
2020-08-06,close,harvest_roll,2,2022-03-18,183.14123978625958,265.7011413574219,0.24682960367637258,84.85600732133057,16969.901464266113,0.9006966248980147,589,roll_harvest_roll
2020-08-06,open,harvest_roll,2,2022-09-16,231.49991264494142,265.7011413574219,0.24682960367637258,53.740299415859184,-10749.359883171835,0.6999999807017868,771,"replaces old 2 contracts, proceeds=16970"
2020-08-06,close,harvest_roll,2,2022-03-18,182.09907364190448,265.7011413574219,0.24682960367637258,85.7337910495532,17145.45820991064,0.9036420304239521,589,roll_harvest_roll
2020-08-06,open,harvest_roll,2,2022-09-16,231.49991264494142,265.7011413574219,0.24682960367637258,53.740299415859184,-10749.359883171835,0.6999999807017868,771,"replaces old 2 contracts, proceeds=17145"
2020-08-25,close,harvest_roll,1,2022-06-17,185.47763830371903,276.5559997558594,0.2505307429233768,93.51153921295459,9350.50392129546,0.9013107097517922,661,roll_harvest_roll
2020-08-25,open,harvest_roll,1,2022-09-16,241.00257680133342,276.5559997558594,0.2505307429233768,56.02760855322426,-5603.410855322426,0.699999980518232,752,"replaces old 1 contracts, proceeds=9351"
2020-08-26,close,harvest_roll,1,2022-06-17,187.83851826732553,282.4574890136719,0.25342342719588273,97.01124189191505,9700.474189191506,0.9035995797727462,660,roll_harvest_roll
2020-08-26,open,harvest_roll,1,2022-09-16,245.97303546804952,282.4574890136719,0.25342342719588273,57.700380196423076,-5770.688019642307,0.6999999794754712,751,"replaces old 1 contracts, proceeds=9700"
2020-08-28,close,harvest_roll,3,2022-03-18,194.73758503842635,283.0088806152344,0.2527824425496348,90.7901701689508,27235.101050685236,0.901156394302084,567,roll_harvest_roll
2020-08-28,open,harvest_roll,3,2022-09-16,246.52539677479467,283.0088806152344,0.2527824425496348,57.64027665266372,-17294.032995799116,0.6999999798399082,749,"replaces old 3 contracts, proceeds=27235"
2020-08-31,close,harvest_roll,2,2022-03-18,195.38538948679684,285.28240966796875,0.25048755801510275,92.13226845227379,18425.153690454757,0.9055546955665681,564,roll_harvest_roll
2020-08-31,open,harvest_roll,2,2022-09-16,248.70397536637702,285.28240966796875,0.25048755801510275,57.60589382892654,-11522.478765785307,0.6999999809831902,746,"replaces old 2 contracts, proceeds=18425"
2020-09-03,open,entry,1,2022-09-16,249.75375147329746,288.3976121528264,0.27912741594188006,63.132357278574545,-6313.885727857454,0.6999999774241951,743,budget=11395
2020-09-08,open,entry,1,2022-09-16,228.1145530297735,263.3598326181344,0.27962090850371957,57.578685158211,-5758.5185158211,0.6999999773825814,738,budget=9288
2020-09-17,open,entry,1,2022-09-16,223.65522039942337,258.84189679311385,0.29476888776299115,58.58570201375744,-5859.220201375743,0.6999999804897357,729,budget=9123
2020-09-21,open,entry,1,2022-09-16,219.57549623793432,253.92716405705983,0.2918858775775125,56.937121689078204,-5694.36216890782,0.6999999794747817,725,budget=8654
2020-09-24,open,entry,1,2022-09-16,218.61304970797968,252.8823577488173,0.2942647189798867,56.95593498263577,-5696.243498263577,0.6999999799705794,722,budget=8593
2020-10-02,open,entry,1,2022-09-16,230.60822981094552,267.0362632139753,0.3027470502242642,61.16281434875413,-6116.931434875413,0.6999994415681546,714,budget=10015
2020-10-15,open,entry,1,2022-12-16,238.77016875677154,277.85235281088177,0.30873872541143266,67.09681033557564,-6710.331033557563,0.6999873382963042,792,budget=11164
2020-12-16,close,harvest_roll,1,2022-06-17,200.5225851416545,298.92340087890625,0.27482283757177306,101.3308913301865,10132.43913301865,0.9032395397705597,548,roll_harvest_roll
2020-12-16,open,harvest_roll,1,2022-12-16,259.31050447341715,298.92340087890625,0.27482283757177306,64.2388868921782,-6424.538689217819,0.6999999768510639,730,"replaces old 1 contracts, proceeds=10132"
2021-01-08,close,harvest_roll,1,2022-09-16,213.41501156581074,309.205810546875,0.23963641739308336,98.31961150002847,9831.311150002848,0.9007346145844183,616,roll_harvest_roll
2021-01-08,open,harvest_roll,1,2023-03-17,269.4972399006283,309.205810546875,0.23963641739308336,61.964539254520126,-6197.103925452012,0.6999999820178313,798,"replaces old 1 contracts, proceeds=9831"
2021-01-20,close,harvest_roll,1,2022-09-16,213.85871248549967,313.7997436523437,0.24455142059421428,102.28105521969263,10227.455521969263,0.9056832517014232,604,roll_harvest_roll
2021-01-20,open,harvest_roll,1,2023-03-17,273.3254592917323,313.7997436523437,0.24455142059421428,63.497057017103884,-6350.3557017103885,0.6999999806084561,786,"replaces old 1 contracts, proceeds=10227"
2021-01-21,close,harvest_roll,1,2022-09-16,217.90825310637797,316.3100280761719,0.24487534127790284,101.13783587534047,10113.133587534048,0.9001121468029905,603,roll_harvest_roll
2021-01-21,open,harvest_roll,1,2023-03-17,275.5042806222046,316.3100280761719,0.24487534127790284,64.03817263353817,-6404.467263353817,0.6999999805390611,785,"replaces old 1 contracts, proceeds=10113"
2021-01-25,close,harvest_roll,2,2022-09-16,219.0721606751188,318.0061340332031,0.2421364296517628,101.46071257972928,20290.842515945857,0.9026099824890658,599,roll_harvest_roll
2021-01-25,open,harvest_roll,2,2023-03-17,277.2604982069621,318.0061340332031,0.2421364296517628,63.69676684085809,-12740.653368171617,0.6999999821222787,781,"replaces old 2 contracts, proceeds=20291"
2021-01-25,close,harvest_roll,1,2022-09-16,219.0721606751188,318.0061340332031,0.2421364296517628,101.46071257972928,10145.421257972928,0.9026099824890658,599,roll_harvest_roll
2021-01-25,open,harvest_roll,1,2023-03-17,277.2604982069621,318.0061340332031,0.2421364296517628,63.69676684085809,-6370.326684085809,0.6999999821222787,781,"replaces old 1 contracts, proceeds=10145"
2021-01-25,close,harvest_roll,1,2022-09-16,219.57549623793432,318.0061340332031,0.2421364296517628,101.03642407867584,10102.992407867583,0.9014124237868542,599,roll_harvest_roll
2021-01-25,open,harvest_roll,1,2023-03-17,277.2604982069621,318.0061340332031,0.2421364296517628,63.69676684085809,-6370.326684085809,0.6999999821222787,781,"replaces old 1 contracts, proceeds=10103"
2021-01-25,close,harvest_roll,1,2022-09-16,218.61304970797968,318.0061340332031,0.2421364296517628,101.84848016312934,10184.198016312934,0.9036943733680286,599,roll_harvest_roll
2021-01-25,open,harvest_roll,1,2023-03-17,277.2604982069621,318.0061340332031,0.2421364296517628,63.69676684085809,-6370.326684085809,0.6999999821222787,781,"replaces old 1 contracts, proceeds=10184"
2021-01-26,close,harvest_roll,2,2022-09-16,223.84535499174112,318.4714050292969,0.2230016501952966,96.58292164915717,19315.284329831436,0.9058123324629664,598,roll_harvest_roll
2021-01-26,open,harvest_roll,2,2023-03-17,279.2947152005277,318.4714050292969,0.2230016501952966,59.786184135849254,-11958.53682716985,0.6999808621700667,780,"replaces old 2 contracts, proceeds=19315"
2021-01-26,close,harvest_roll,2,2022-09-16,223.5946125396212,318.4714050292969,0.2230016501952966,96.79717319992568,19358.134639985135,0.9064261953084872,598,roll_harvest_roll
2021-01-26,open,harvest_roll,2,2023-03-17,279.2947152005277,318.4714050292969,0.2230016501952966,59.786184135849254,-11958.53682716985,0.6999808621700667,780,"replaces old 2 contracts, proceeds=19358"
2021-01-26,close,harvest_roll,1,2022-09-16,223.65522039942337,318.4714050292969,0.2230016501952966,96.74536566243027,9673.886566243027,0.9062780544673213,598,roll_harvest_roll
2021-01-26,open,harvest_roll,1,2023-03-17,279.2947152005277,318.4714050292969,0.2230016501952966,59.786184135849254,-5979.268413584925,0.6999808621700667,780,"replaces old 1 contracts, proceeds=9674"
2021-02-02,close,harvest_roll,1,2022-09-16,228.1145530297735,317.5894775390625,0.21513509677048306,91.5785921630599,9157.20921630599,0.9006448437348801,591,roll_harvest_roll
2021-02-02,open,harvest_roll,1,2023-03-17,279.36035712521766,317.5894775390625,0.21513509677048306,57.744083411246805,-5775.05834112468,0.7000212366182176,773,"replaces old 1 contracts, proceeds=9157"
2021-02-04,close,harvest_roll,2,2022-09-16,231.49991264494142,320.0705871582031,0.21009741392751996,90.57814132229446,18114.32826445889,0.9008694276291466,589,roll_harvest_roll
2021-02-04,open,harvest_roll,2,2023-03-17,282.07006894128546,320.0705871582031,0.21009741392751996,57.044149221487324,-11410.129844297464,0.7000128422358085,771,"replaces old 2 contracts, proceeds=18114"
2021-02-04,close,harvest_roll,2,2022-09-16,231.49991264494142,320.0705871582031,0.21009741392751996,90.57814132229446,18114.32826445889,0.9008694276291466,589,roll_harvest_roll
2021-02-04,open,harvest_roll,2,2023-03-17,282.07006894128546,320.0705871582031,0.21009741392751996,57.044149221487324,-11410.129844297464,0.7000128422358085,771,"replaces old 2 contracts, proceeds=18114"
2021-02-04,close,harvest_roll,1,2022-09-16,230.60822981094552,320.0705871582031,0.21009741392751996,91.33854954973033,9133.204954973033,0.9032120429772348,589,roll_harvest_roll
2021-02-04,open,harvest_roll,1,2023-03-17,282.07006894128546,320.0705871582031,0.21009741392751996,57.044149221487324,-5705.064922148732,0.7000128422358085,771,"replaces old 1 contracts, proceeds=9133"
2021-02-12,close,harvest_roll,1,2022-09-16,241.00257680133342,326.08941650390625,0.19293277907030978,86.66350145342317,8665.700145342316,0.903417538282075,581,roll_harvest_roll
2021-02-12,open,harvest_roll,1,2023-03-17,289.34608811383305,326.08941650390625,0.19293277907030978,54.01767321639094,-5402.417321639094,0.7000029933360248,763,"replaces old 1 contracts, proceeds=8666"
2021-02-18,open,entry,2,2023-03-17,284.15795834980946,320.0608609031497,0.19246948422207574,52.74169493493886,-10549.638986987771,0.7000048537328013,757,budget=13779
2021-02-22,open,entry,2,2023-03-17,280.0043812996444,316.44577744580255,0.20211521520746709,54.13888457396838,-10829.076914793675,0.7000008744330103,753,budget=13546
2021-02-23,open,entry,2,2023-03-17,272.0379896596505,307.2382992934385,0.20048905089010918,52.19242221854954,-10439.784443709907,0.7000001560423686,752,budget=12401
2021-03-12,open,entry,2,2023-03-17,264.5183324483588,304.1949312418109,0.2631435883766136,63.42058432203943,-12685.416864407885,0.6999999776447645,735,budget=13545
2021-03-18,open,entry,2,2023-03-17,266.6141440805796,307.1123749265907,0.2717475137602037,65.40508556610445,-13082.317113220888,0.6999999768475234,729,budget=14116
2021-05-11,open,entry,2,2023-06-16,269.16159211587274,310.24654415008837,0.2648485894940553,66.05166680331743,-13211.633360663485,0.6999999766836759,766,budget=14074
2021-06-10,close,harvest_roll,1,2022-09-16,245.97303546804952,330.28594970703125,0.21185455836829262,86.26148212649247,8625.498212649247,0.9039646674998844,463,roll_harvest_roll
2021-06-10,open,harvest_roll,1,2023-06-16,291.5633835238949,330.28594970703125,0.21185455836829262,58.142035578663034,-5814.853557866303,0.700008267948304,736,"replaces old 1 contracts, proceeds=8625"
2021-06-10,close,harvest_roll,3,2022-09-16,246.52539677479467,330.28594970703125,0.21185455836829262,85.78696656609458,25734.139969828375,0.9024339883807962,463,roll_harvest_roll
2021-06-10,open,harvest_roll,3,2023-06-16,291.5633835238949,330.28594970703125,0.21185455836829262,58.142035578663034,-17444.56067359891,0.700008267948304,736,"replaces old 3 contracts, proceeds=25734"
2021-06-10,close,harvest_roll,1,2022-12-16,238.77016875677154,330.28594970703125,0.21185455836829262,93.36214279820008,9335.564279820008,0.9056447627676706,554,roll_harvest_roll
2021-06-10,open,harvest_roll,1,2023-06-16,291.5633835238949,330.28594970703125,0.21185455836829262,58.142035578663034,-5814.853557866303,0.700008267948304,736,"replaces old 1 contracts, proceeds=9336"
2021-06-14,close,harvest_roll,2,2022-09-16,248.70397536637702,334.3228759765625,0.19980359964703331,86.82168913535963,17363.037827071927,0.9158385659839127,459,roll_harvest_roll
2021-06-14,open,harvest_roll,2,2023-06-16,296.48674905786595,334.3228759765625,0.19980359964703331,56.00699159740264,-11202.698319480527,0.700000523876349,732,"replaces old 2 contracts, proceeds=17363"
2021-06-14,close,harvest_roll,1,2022-09-16,249.75375147329746,334.3228759765625,0.19980359964703331,85.90092854866974,8589.442854866975,0.9130662232360339,459,roll_harvest_roll
2021-06-14,open,harvest_roll,1,2023-06-16,296.48674905786595,334.3228759765625,0.19980359964703331,56.00699159740264,-5601.3491597402635,0.700000523876349,732,"replaces old 1 contracts, proceeds=8589"
2021-06-28,close,harvest_roll,1,2022-12-16,259.31050447341715,343.64898681640625,0.1893759299373139,86.1115556609745,8610.50556609745,0.9004490576899459,536,roll_harvest_roll
2021-06-28,open,harvest_roll,1,2023-06-16,306.25015084672486,343.64898681640625,0.1893759299373139,54.662973042987915,-5466.947304298791,0.7000327575711768,718,"replaces old 1 contracts, proceeds=8611"
2021-07-08,open,entry,3,2023-09-15,307.052135775757,345.62128085020595,0.18402662108472032,56.15741557323924,-16849.174671971774,0.7000129554262015,799,budget=17288
2021-07-13,close,harvest_roll,2,2023-03-17,264.5183324483588,352.1112670898437,0.1793689175793745,89.16856438225061,17832.412876450122,0.9000729506041069,612,roll_harvest_roll
2021-07-13,open,harvest_roll,2,2023-09-15,313.5257918937851,352.1112670898437,0.1793689175793745,55.86669277204055,-11174.63855440811,0.6999707296394857,794,"replaces old 2 contracts, proceeds=17832"
2021-07-22,close,harvest_roll,2,2023-03-17,266.6141440805796,353.5978088378906,0.17687152631029063,88.44790265698157,17688.280531396314,0.9014724638420651,603,roll_harvest_roll
2021-07-22,open,harvest_roll,2,2023-09-15,315.3505314950604,353.5978088378906,0.17687152631029063,55.195225533878286,-11040.345106775656,0.6999956657859293,785,"replaces old 2 contracts, proceeds=17688"
2021-07-23,close,harvest_roll,1,2023-03-17,269.4972399006283,357.7269287109375,0.17810495085662664,89.7630331880521,8975.65331880521,0.9010000093370766,602,roll_harvest_roll
2021-07-23,open,harvest_roll,1,2023-09-15,318.8903228613333,357.7269287109375,0.17810495085662664,56.129576987674916,-5613.6076987674915,0.6999867217622947,784,"replaces old 1 contracts, proceeds=8976"
2021-07-30,open,entry,3,2023-09-15,314.6593193025393,352.13071550907773,0.1734227095083977,53.84372918809059,-16155.06875642718,0.6999999491222424,777,budget=18137
2021-08-04,close,harvest_roll,1,2023-03-17,273.3254592917323,356.8913269042969,0.16091770287014784,84.36700114853069,8436.05011485307,0.9092831660385461,590,roll_harvest_roll
2021-08-04,open,harvest_roll,1,2023-09-15,320.77565298247566,356.8913269042969,0.16091770287014784,51.12156792478259,-5112.806792478258,0.6999993521672769,772,"replaces old 1 contracts, proceeds=8436"
2021-08-04,close,harvest_roll,1,2023-03-17,275.5042806222046,356.8913269042969,0.16091770287014784,82.46763756137204,8246.113756137205,0.9032187269066387,590,roll_harvest_roll
2021-08-04,open,harvest_roll,1,2023-09-15,320.77565298247566,356.8913269042969,0.16091770287014784,51.12156792478259,-5112.806792478258,0.6999993521672769,772,"replaces old 1 contracts, proceeds=8246"
2021-08-04,close,harvest_roll,2,2023-03-17,272.0379896596505,356.8913269042969,0.16091770287014784,85.49728683330706,17098.157366661413,0.9127386088191356,590,roll_harvest_roll
2021-08-04,open,harvest_roll,2,2023-09-15,320.77565298247566,356.8913269042969,0.16091770287014784,51.12156792478259,-10225.613584956516,0.6999993521672769,772,"replaces old 2 contracts, proceeds=17098"
2021-08-04,close,harvest_roll,2,2023-06-16,269.16159211587274,356.8913269042969,0.16091770287014784,88.54647753482126,17707.995506964253,0.9059162173529923,681,roll_harvest_roll
2021-08-04,open,harvest_roll,2,2023-09-15,320.77565298247566,356.8913269042969,0.16091770287014784,51.12156792478259,-10225.613584956516,0.6999993521672769,772,"replaces old 2 contracts, proceeds=17708"
2021-08-05,close,harvest_roll,2,2023-03-17,277.2604982069621,359.15509033203125,0.16101436268130034,82.98338947008186,16595.377894016372,0.903258210201479,589,roll_harvest_roll
2021-08-05,open,harvest_roll,2,2023-09-15,322.81623504501823,359.15509033203125,0.16101436268130034,51.443154238193586,-10289.930847638716,0.6999993514074009,771,"replaces old 2 contracts, proceeds=16595"
2021-08-05,close,harvest_roll,1,2023-03-17,277.2604982069621,359.15509033203125,0.16101436268130034,82.98338947008186,8297.688947008186,0.903258210201479,589,roll_harvest_roll
2021-08-05,open,harvest_roll,1,2023-09-15,322.81623504501823,359.15509033203125,0.16101436268130034,51.443154238193586,-5144.965423819358,0.6999993514074009,771,"replaces old 1 contracts, proceeds=8298"
2021-08-05,close,harvest_roll,1,2023-03-17,277.2604982069621,359.15509033203125,0.16101436268130034,82.98338947008186,8297.688947008186,0.903258210201479,589,roll_harvest_roll
2021-08-05,open,harvest_roll,1,2023-09-15,322.81623504501823,359.15509033203125,0.16101436268130034,51.443154238193586,-5144.965423819358,0.6999993514074009,771,"replaces old 1 contracts, proceeds=8298"
2021-08-05,close,harvest_roll,1,2023-03-17,277.2604982069621,359.15509033203125,0.16101436268130034,82.98338947008186,8297.688947008186,0.903258210201479,589,roll_harvest_roll
2021-08-05,open,harvest_roll,1,2023-09-15,322.81623504501823,359.15509033203125,0.16101436268130034,51.443154238193586,-5144.965423819358,0.6999993514074009,771,"replaces old 1 contracts, proceeds=8298"
2021-08-06,close,harvest_roll,2,2023-03-17,279.2947152005277,357.5811767578125,0.15,78.99402007386229,15797.504014772458,0.9070285198821706,588,roll_harvest_roll
2021-08-06,open,harvest_roll,2,2023-09-15,323.07158318465054,357.5811767578125,0.15,48.20885587607451,-9643.071175214902,0.6999964539065893,770,"replaces old 2 contracts, proceeds=15798"
2021-08-06,close,harvest_roll,2,2023-03-17,279.2947152005277,357.5811767578125,0.15,78.99402007386229,15797.504014772458,0.9070285198821706,588,roll_harvest_roll
2021-08-06,open,harvest_roll,2,2023-09-15,323.07158318465054,357.5811767578125,0.15,48.20885587607451,-9643.071175214902,0.6999964539065893,770,"replaces old 2 contracts, proceeds=15798"
2021-08-06,close,harvest_roll,1,2023-03-17,279.2947152005277,357.5811767578125,0.15,78.99402007386229,7898.752007386229,0.9070285198821706,588,roll_harvest_roll
2021-08-06,open,harvest_roll,1,2023-09-15,323.07158318465054,357.5811767578125,0.15,48.20885587607451,-4821.535587607451,0.6999964539065893,770,"replaces old 1 contracts, proceeds=7899"
2021-08-06,close,harvest_roll,1,2023-03-17,279.36035712521766,357.5811767578125,0.15,78.93655650570693,7893.005650570693,0.9068366828228762,588,roll_harvest_roll
2021-08-06,open,harvest_roll,1,2023-09-15,323.07158318465054,357.5811767578125,0.15,48.20885587607451,-4821.535587607451,0.6999964539065893,770,"replaces old 1 contracts, proceeds=7893"
2021-08-06,close,harvest_roll,2,2023-03-17,280.0043812996444,357.5811767578125,0.15,78.37362796608538,15673.425593217076,0.904939740138321,588,roll_harvest_roll
2021-08-06,open,harvest_roll,2,2023-09-15,323.07158318465054,357.5811767578125,0.15,48.20885587607451,-9643.071175214902,0.6999964539065893,770,"replaces old 2 contracts, proceeds=15673"
2021-08-09,close,harvest_roll,2,2023-03-17,282.07006894128546,358.2418518066406,0.15,77.15220364929766,15429.140729859533,0.900813100159457,585,roll_harvest_roll
2021-08-09,open,harvest_roll,2,2023-09-15,323.72757733151553,358.2418518066406,0.15,48.215961622439984,-9644.492324487996,0.6999963068071041,767,"replaces old 2 contracts, proceeds=15429"
2021-08-09,close,harvest_roll,2,2023-03-17,282.07006894128546,358.2418518066406,0.15,77.15220364929766,15429.140729859533,0.900813100159457,585,roll_harvest_roll
2021-08-09,open,harvest_roll,2,2023-09-15,323.72757733151553,358.2418518066406,0.15,48.215961622439984,-9644.492324487996,0.6999963068071041,767,"replaces old 2 contracts, proceeds=15429"
2021-08-09,close,harvest_roll,1,2023-03-17,282.07006894128546,358.2418518066406,0.15,77.15220364929766,7714.570364929767,0.900813100159457,585,roll_harvest_roll
2021-08-09,open,harvest_roll,1,2023-09-15,323.72757733151553,358.2418518066406,0.15,48.215961622439984,-4822.246162243998,0.6999963068071041,767,"replaces old 1 contracts, proceeds=7715"
2021-08-23,close,harvest_roll,2,2023-03-17,284.15795834980946,362.6138610839844,0.15,79.18678876123263,15836.057752246528,0.9073397225149517,571,roll_harvest_roll
2021-08-23,open,harvest_roll,2,2023-09-15,327.9592639177625,362.6138610839844,0.15,48.41451423405844,-9684.202846811686,0.6999955400516864,753,"replaces old 2 contracts, proceeds=15836"
2021-08-30,close,harvest_roll,1,2023-03-17,289.34608811383305,369.44378662109375,0.15,80.77913682981043,8077.263682981043,0.9090685820300897,564,roll_harvest_roll
2021-08-30,open,harvest_roll,1,2023-09-15,334.2807196761031,369.44378662109375,0.15,49.126074073208486,-4913.257407320848,0.6999951018711897,746,"replaces old 1 contracts, proceeds=8077"
2021-09-20,open,entry,3,2023-09-15,323.809904687941,357.4036777365786,0.15,46.936738289709936,-14082.971486912982,0.6999935261637313,725,budget=18328
2021-09-28,open,entry,3,2023-09-15,321.83008506367486,355.66274340365425,0.1537715750239612,47.479426152526905,-14245.777845758072,0.6999955944070397,717,budget=18126
2021-11-03,close,harvest_roll,1,2023-06-16,291.5633835238949,382.4197692871094,0.1694138663994354,92.1883843842456,9218.18843842456,0.9033571898674528,590,roll_harvest_roll
2021-11-03,open,harvest_roll,1,2023-12-15,342.424801963196,382.4197692871094,0.1694138663994354,57.19108536915053,-5719.758536915053,0.6999998634738098,772,"replaces old 1 contracts, proceeds=9218"
2021-11-03,close,harvest_roll,3,2023-06-16,291.5633835238949,382.4197692871094,0.1694138663994354,92.1883843842456,27654.56531527368,0.9033571898674528,590,roll_harvest_roll
2021-11-03,open,harvest_roll,3,2023-12-15,342.424801963196,382.4197692871094,0.1694138663994354,57.19108536915053,-17159.275610745157,0.6999998634738098,772,"replaces old 3 contracts, proceeds=27655"
2021-11-03,close,harvest_roll,1,2023-06-16,291.5633835238949,382.4197692871094,0.1694138663994354,92.1883843842456,9218.18843842456,0.9033571898674528,590,roll_harvest_roll
2021-11-03,open,harvest_roll,1,2023-12-15,342.424801963196,382.4197692871094,0.1694138663994354,57.19108536915053,-5719.758536915053,0.6999998634738098,772,"replaces old 1 contracts, proceeds=9218"
2021-11-16,close,harvest_roll,2,2023-06-16,296.48674905786595,386.5438232421875,0.17039378805016106,91.61752779564829,18322.20555912966,0.9000209143972738,577,roll_harvest_roll
2021-11-16,open,harvest_roll,2,2023-12-15,346.25522254000293,386.5438232421875,0.17039378805016106,57.6676846035553,-11534.836920711059,0.6999998503738492,759,"replaces old 2 contracts, proceeds=18322"
2021-11-16,close,harvest_roll,1,2023-06-16,296.48674905786595,386.5438232421875,0.17039378805016106,91.61752779564829,9161.10277956483,0.9000209143972738,577,roll_harvest_roll
2021-11-16,open,harvest_roll,1,2023-12-15,346.25522254000293,386.5438232421875,0.17039378805016106,57.6676846035553,-5767.4184603555295,0.6999998503738492,759,"replaces old 1 contracts, proceeds=9161"
2021-12-14,open,entry,3,2023-12-15,333.3537483735117,376.70074791408535,0.20585826790231698,64.61486060415453,-19386.40818124636,0.7000012997254144,731,budget=24205
2021-12-20,open,entry,3,2023-12-15,325.68469138337053,369.65383235643225,0.21971291623076894,66.58672848300164,-19977.96854490049,0.7000173245556089,725,budget=23362
2022-01-10,open,entry,3,2024-03-15,329.124400329627,365.02790909767054,0.22173774171377725,68.75157344468427,-20627.422033405284,0.7000138307229345,795,budget=23630
2022-01-18,open,entry,3,2024-03-15,327.06261797733333,364.2683520905436,0.23609482619430813,71.76582671448152,-21531.698014344456,0.7000000591067925,787,budget=24084
2022-01-24,open,entry,2,2024-03-15,301.7850721082698,336.8731765490251,0.24455862461821085,67.99651249701262,-13600.602499402523,0.7000014575453609,781,budget=18501
2022-06-13,open,snipe,1,2024-06-21,236.26952705102542,268.54656982421875,0.3973700847399291,75.41824950921692,-7542.474950921692,0.699991271563367,739,budget=11893
2022-08-22,close,forced_roll,1,2023-06-16,306.25015084672486,307.1151733398437,0.34109998322682067,40.52995015560417,4052.345015560417,0.5883191220549432,298,roll_forced_roll
2022-08-22,open,forced_roll,1,2024-06-21,278.3509312114196,307.1151733398437,0.34109998322682067,74.88893061007218,-7489.543061007218,0.700007053105466,669,"replaces old 1 contracts, proceeds=4052"
2022-09-30,open,snipe,1,2024-09-20,238.42676440481767,261.5698547363281,0.30799681854136907,60.895172610482376,-6090.167261048237,0.7000040001014621,721,budget=6286
2022-11-21,close,forced_roll,3,2023-09-15,307.052135775757,275.88836669921875,0.3568496084858592,25.583554062889775,7673.116218866932,0.455302699239276,298,roll_forced_roll
2022-11-21,open,forced_roll,2,2024-09-20,249.67251075127106,275.88836669921875,0.3568496084858592,69.47403450090584,-13896.106900181168,0.7000057598309393,669,"replaces old 3 contracts, proceeds=7673"
2022-11-21,close,forced_roll,2,2023-09-15,313.5257918937851,275.88836669921875,0.3568496084858592,23.554959514871854,4709.69190297437,0.4298395523973113,298,roll_forced_roll
2022-11-21,close,forced_roll,2,2023-09-15,315.3505314950604,275.88836669921875,0.3568496084858592,23.009221121725847,4600.544224345169,0.4228029535735766,298,roll_forced_roll
2022-11-21,open,forced_roll,1,2024-09-20,249.67251075127106,275.88836669921875,0.3568496084858592,69.47403450090584,-6948.053450090584,0.7000057598309393,669,"replaces old 2 contracts, proceeds=4601"
2022-11-21,close,forced_roll,1,2023-09-15,318.8903228613333,275.88836669921875,0.3568496084858592,21.982206413690427,2197.5706413690427,0.40933765191306914,298,roll_forced_roll
2022-11-21,close,forced_roll,3,2023-09-15,314.6593193025393,275.88836669921875,0.3568496084858592,23.214625691005327,6962.437707301598,0.4254609071049346,298,roll_forced_roll
2022-11-21,open,forced_roll,1,2024-09-20,249.67251075127106,275.88836669921875,0.3568496084858592,69.47403450090584,-6948.053450090584,0.7000057598309393,669,"replaces old 3 contracts, proceeds=6962"
2022-11-21,close,forced_roll,1,2023-09-15,320.77565298247566,275.88836669921875,0.3568496084858592,21.451918685862136,2144.5418685862137,0.40226795726635084,298,roll_forced_roll
2022-11-21,open,forced_roll,1,2024-09-20,249.67251075127106,275.88836669921875,0.3568496084858592,69.47403450090584,-6948.053450090584,0.7000057598309393,669,"replaces old 1 contracts, proceeds=2145"
2022-11-21,close,forced_roll,1,2023-09-15,320.77565298247566,275.88836669921875,0.3568496084858592,21.451918685862136,2144.5418685862137,0.40226795726635084,298,roll_forced_roll
2022-11-21,close,forced_roll,2,2023-09-15,320.77565298247566,275.88836669921875,0.3568496084858592,21.451918685862136,4289.083737172427,0.40226795726635084,298,roll_forced_roll
2022-11-21,open,forced_roll,1,2024-09-20,249.67251075127106,275.88836669921875,0.3568496084858592,69.47403450090584,-6948.053450090584,0.7000057598309393,669,"replaces old 2 contracts, proceeds=4289"
2022-11-21,close,forced_roll,2,2023-09-15,320.77565298247566,275.88836669921875,0.3568496084858592,21.451918685862136,4289.083737172427,0.40226795726635084,298,roll_forced_roll
2022-11-21,close,forced_roll,2,2023-09-15,322.81623504501823,275.88836669921875,0.3568496084858592,20.890777893377066,4176.855578675413,0.39469785942387053,298,roll_forced_roll
2022-11-21,open,forced_roll,1,2024-09-20,249.67251075127106,275.88836669921875,0.3568496084858592,69.47403450090584,-6948.053450090584,0.7000057598309393,669,"replaces old 2 contracts, proceeds=4177"
2022-11-21,close,forced_roll,1,2023-09-15,322.81623504501823,275.88836669921875,0.3568496084858592,20.890777893377066,2088.4277893377066,0.39469785942387053,298,roll_forced_roll
2022-11-21,close,forced_roll,1,2023-09-15,322.81623504501823,275.88836669921875,0.3568496084858592,20.890777893377066,2088.4277893377066,0.39469785942387053,298,roll_forced_roll
2022-11-21,close,forced_roll,1,2023-09-15,322.81623504501823,275.88836669921875,0.3568496084858592,20.890777893377066,2088.4277893377066,0.39469785942387053,298,roll_forced_roll
2022-11-21,open,forced_roll,1,2024-09-20,249.67251075127106,275.88836669921875,0.3568496084858592,69.47403450090584,-6948.053450090584,0.7000057598309393,669,"replaces old 1 contracts, proceeds=2088"
2022-11-21,close,forced_roll,2,2023-09-15,323.07158318465054,275.88836669921875,0.3568496084858592,20.821486135475187,4162.9972270950375,0.3937566286471935,298,roll_forced_roll
2022-11-21,close,forced_roll,2,2023-09-15,323.07158318465054,275.88836669921875,0.3568496084858592,20.821486135475187,4162.9972270950375,0.3937566286471935,298,roll_forced_roll
2022-11-21,open,forced_roll,1,2024-09-20,249.67251075127106,275.88836669921875,0.3568496084858592,69.47403450090584,-6948.053450090584,0.7000057598309393,669,"replaces old 2 contracts, proceeds=4163"
2022-11-21,close,forced_roll,1,2023-09-15,323.07158318465054,275.88836669921875,0.3568496084858592,20.821486135475187,2081.4986135475187,0.3937566286471935,298,roll_forced_roll
2022-11-21,close,forced_roll,1,2023-09-15,323.07158318465054,275.88836669921875,0.3568496084858592,20.821486135475187,2081.4986135475187,0.3937566286471935,298,roll_forced_roll
2022-11-21,close,forced_roll,2,2023-09-15,323.07158318465054,275.88836669921875,0.3568496084858592,20.821486135475187,4162.9972270950375,0.3937566286471935,298,roll_forced_roll
2022-11-21,open,forced_roll,1,2024-09-20,249.67251075127106,275.88836669921875,0.3568496084858592,69.47403450090584,-6948.053450090584,0.7000057598309393,669,"replaces old 2 contracts, proceeds=4163"
2022-11-21,close,forced_roll,2,2023-09-15,323.72757733151553,275.88836669921875,0.3568496084858592,20.64441110462315,4127.58222092463,0.3913448091540123,298,roll_forced_roll
2022-11-21,open,forced_roll,1,2024-09-20,249.67251075127106,275.88836669921875,0.3568496084858592,69.47403450090584,-6948.053450090584,0.7000057598309393,669,"replaces old 2 contracts, proceeds=4128"
2022-11-21,close,forced_roll,2,2023-09-15,323.72757733151553,275.88836669921875,0.3568496084858592,20.64441110462315,4127.58222092463,0.3913448091540123,298,roll_forced_roll
2022-11-21,close,forced_roll,1,2023-09-15,323.72757733151553,275.88836669921875,0.3568496084858592,20.64441110462315,2063.791110462315,0.3913448091540123,298,roll_forced_roll
2022-11-21,open,forced_roll,1,2024-09-20,249.67251075127106,275.88836669921875,0.3568496084858592,69.47403450090584,-6948.053450090584,0.7000057598309393,669,"replaces old 1 contracts, proceeds=2064"
2022-11-21,close,forced_roll,2,2023-09-15,327.9592639177625,275.88836669921875,0.3568496084858592,19.53406035441197,3905.512070882394,0.37600448139153914,298,roll_forced_roll
2022-11-21,close,forced_roll,1,2023-09-15,334.2807196761031,275.88836669921875,0.3568496084858592,17.97495368283266,1796.8453682832658,0.35380739586046495,298,roll_forced_roll
2022-11-21,close,forced_roll,3,2023-09-15,323.809904687941,275.88836669921875,0.3568496084858592,20.62228313471908,6184.734940415724,0.39104275945188227,298,roll_forced_roll
2022-11-21,open,forced_roll,1,2024-09-20,249.67251075127106,275.88836669921875,0.3568496084858592,69.47403450090584,-6948.053450090584,0.7000057598309393,669,"replaces old 3 contracts, proceeds=6185"
2022-11-21,close,forced_roll,3,2023-09-15,321.83008506367486,275.88836669921875,0.3568496084858592,21.16031050050272,6346.143150150816,0.3983455520956139,298,roll_forced_roll
2022-11-21,open,forced_roll,1,2024-09-20,249.67251075127106,275.88836669921875,0.3568496084858592,69.47403450090584,-6948.053450090584,0.7000057598309393,669,"replaces old 3 contracts, proceeds=6346"
2023-02-21,close,forced_roll,1,2023-12-15,342.424801963196,288.45880126953125,0.28598672022681626,14.60868511414397,1460.218511414397,0.33838597263343584,297,roll_forced_roll
2023-02-21,open,forced_roll,1,2024-12-20,270.61226422768755,288.45880126953125,0.28598672022681626,61.7314980185438,-6173.79980185438,0.6999808340605316,668,"replaces old 1 contracts, proceeds=1460"
2023-02-21,close,forced_roll,3,2023-12-15,342.424801963196,288.45880126953125,0.28598672022681626,14.60868511414397,4380.655534243191,0.33838597263343584,297,roll_forced_roll
2023-02-21,close,forced_roll,1,2023-12-15,342.424801963196,288.45880126953125,0.28598672022681626,14.60868511414397,1460.218511414397,0.33838597263343584,297,roll_forced_roll
2023-02-21,close,forced_roll,2,2023-12-15,346.25522254000293,288.45880126953125,0.28598672022681626,13.70806973450996,2740.313946901992,0.3227931951846425,297,roll_forced_roll
2023-02-21,open,forced_roll,1,2024-12-20,270.61226422768755,288.45880126953125,0.28598672022681626,61.7314980185438,-6173.79980185438,0.6999808340605316,668,"replaces old 2 contracts, proceeds=2740"
2023-02-21,close,forced_roll,1,2023-12-15,346.25522254000293,288.45880126953125,0.28598672022681626,13.70806973450996,1370.156973450996,0.3227931951846425,297,roll_forced_roll
2023-02-21,close,forced_roll,3,2023-12-15,333.3537483735117,288.45880126953125,0.28598672022681626,16.948366917336845,5082.560075201054,0.37712486635527304,297,roll_forced_roll
2023-02-21,open,forced_roll,1,2024-12-20,270.61226422768755,288.45880126953125,0.28598672022681626,61.7314980185438,-6173.79980185438,0.6999808340605316,668,"replaces old 3 contracts, proceeds=5083"
2023-02-21,close,forced_roll,3,2023-12-15,325.68469138337053,288.45880126953125,0.28598672022681626,19.169460423546287,5748.888127063886,0.41174584326886443,297,roll_forced_roll
2023-02-21,open,forced_roll,1,2024-12-20,270.61226422768755,288.45880126953125,0.28598672022681626,61.7314980185438,-6173.79980185438,0.6999808340605316,668,"replaces old 3 contracts, proceeds=5749"
2023-03-31,close,harvest_roll,1,2024-06-21,236.26952705102542,315.3365478515625,0.2567151472065672,93.65723963763945,9365.073963763945,0.9019859039220213,448,roll_harvest_roll
2023-03-31,open,harvest_roll,1,2025-03-21,298.6548077471374,315.3365478515625,0.2567151472065672,64.02624868586732,-6403.274868586731,0.7000006147169604,721,"replaces old 1 contracts, proceeds=9365"
2023-04-28,close,harvest_roll,1,2024-09-20,238.42676440481767,316.93817138671875,0.23585653030310752,94.29734591578375,9429.084591578376,0.9059947237665831,511,roll_harvest_roll
2023-04-28,open,harvest_roll,1,2025-06-20,302.8877314108773,316.93817138671875,0.23585653030310752,62.29791243845771,-6230.44124384577,0.7000025351475152,784,"replaces old 1 contracts, proceeds=9429"
2023-05-10,close,harvest_roll,2,2024-09-20,249.67251075127106,319.47320556640625,0.2138767569794954,85.79314919090466,17157.329838180933,0.9011169350018933,499,roll_harvest_roll
2023-05-10,open,harvest_roll,2,2025-06-20,307.2569455457421,319.47320556640625,0.2138767569794954,57.78497411528444,-11558.294823056887,0.7000175384073783,772,"replaces old 2 contracts, proceeds=17157"
2023-05-10,close,harvest_roll,1,2024-09-20,249.67251075127106,319.47320556640625,0.2138767569794954,85.79314919090466,8578.664919090466,0.9011169350018933,499,roll_harvest_roll
2023-05-10,open,harvest_roll,1,2025-06-20,307.2569455457421,319.47320556640625,0.2138767569794954,57.78497411528444,-5779.147411528444,0.7000175384073783,772,"replaces old 1 contracts, proceeds=8579"
2023-05-10,close,harvest_roll,1,2024-09-20,249.67251075127106,319.47320556640625,0.2138767569794954,85.79314919090466,8578.664919090466,0.9011169350018933,499,roll_harvest_roll
2023-05-10,open,harvest_roll,1,2025-06-20,307.2569455457421,319.47320556640625,0.2138767569794954,57.78497411528444,-5779.147411528444,0.7000175384073783,772,"replaces old 1 contracts, proceeds=8579"
2023-05-10,close,harvest_roll,1,2024-09-20,249.67251075127106,319.47320556640625,0.2138767569794954,85.79314919090466,8578.664919090466,0.9011169350018933,499,roll_harvest_roll
2023-05-10,open,harvest_roll,1,2025-06-20,307.2569455457421,319.47320556640625,0.2138767569794954,57.78497411528444,-5779.147411528444,0.7000175384073783,772,"replaces old 1 contracts, proceeds=8579"
2023-05-10,close,harvest_roll,1,2024-09-20,249.67251075127106,319.47320556640625,0.2138767569794954,85.79314919090466,8578.664919090466,0.9011169350018933,499,roll_harvest_roll
2023-05-10,open,harvest_roll,1,2025-06-20,307.2569455457421,319.47320556640625,0.2138767569794954,57.78497411528444,-5779.147411528444,0.7000175384073783,772,"replaces old 1 contracts, proceeds=8579"
2023-05-10,close,harvest_roll,1,2024-09-20,249.67251075127106,319.47320556640625,0.2138767569794954,85.79314919090466,8578.664919090466,0.9011169350018933,499,roll_harvest_roll
2023-05-10,open,harvest_roll,1,2025-06-20,307.2569455457421,319.47320556640625,0.2138767569794954,57.78497411528444,-5779.147411528444,0.7000175384073783,772,"replaces old 1 contracts, proceeds=8579"
2023-05-10,close,harvest_roll,1,2024-09-20,249.67251075127106,319.47320556640625,0.2138767569794954,85.79314919090466,8578.664919090466,0.9011169350018933,499,roll_harvest_roll
2023-05-10,open,harvest_roll,1,2025-06-20,307.2569455457421,319.47320556640625,0.2138767569794954,57.78497411528444,-5779.147411528444,0.7000175384073783,772,"replaces old 1 contracts, proceeds=8579"
2023-05-10,close,harvest_roll,1,2024-09-20,249.67251075127106,319.47320556640625,0.2138767569794954,85.79314919090466,8578.664919090466,0.9011169350018933,499,roll_harvest_roll
2023-05-10,open,harvest_roll,1,2025-06-20,307.2569455457421,319.47320556640625,0.2138767569794954,57.78497411528444,-5779.147411528444,0.7000175384073783,772,"replaces old 1 contracts, proceeds=8579"
2023-05-10,close,harvest_roll,1,2024-09-20,249.67251075127106,319.47320556640625,0.2138767569794954,85.79314919090466,8578.664919090466,0.9011169350018933,499,roll_harvest_roll
2023-05-10,open,harvest_roll,1,2025-06-20,307.2569455457421,319.47320556640625,0.2138767569794954,57.78497411528444,-5779.147411528444,0.7000175384073783,772,"replaces old 1 contracts, proceeds=8579"
2023-05-10,close,harvest_roll,1,2024-09-20,249.67251075127106,319.47320556640625,0.2138767569794954,85.79314919090466,8578.664919090466,0.9011169350018933,499,roll_harvest_roll
2023-05-10,open,harvest_roll,1,2025-06-20,307.2569455457421,319.47320556640625,0.2138767569794954,57.78497411528444,-5779.147411528444,0.7000175384073783,772,"replaces old 1 contracts, proceeds=8579"
2023-05-10,close,harvest_roll,1,2024-09-20,249.67251075127106,319.47320556640625,0.2138767569794954,85.79314919090466,8578.664919090466,0.9011169350018933,499,roll_harvest_roll
2023-05-10,open,harvest_roll,1,2025-06-20,307.2569455457421,319.47320556640625,0.2138767569794954,57.78497411528444,-5779.147411528444,0.7000175384073783,772,"replaces old 1 contracts, proceeds=8579"
2023-05-10,close,harvest_roll,1,2024-09-20,249.67251075127106,319.47320556640625,0.2138767569794954,85.79314919090466,8578.664919090466,0.9011169350018933,499,roll_harvest_roll
2023-05-10,open,harvest_roll,1,2025-06-20,307.2569455457421,319.47320556640625,0.2138767569794954,57.78497411528444,-5779.147411528444,0.7000175384073783,772,"replaces old 1 contracts, proceeds=8579"
2023-05-10,close,harvest_roll,1,2024-09-20,249.67251075127106,319.47320556640625,0.2138767569794954,85.79314919090466,8578.664919090466,0.9011169350018933,499,roll_harvest_roll
2023-05-10,open,harvest_roll,1,2025-06-20,307.2569455457421,319.47320556640625,0.2138767569794954,57.78497411528444,-5779.147411528444,0.7000175384073783,772,"replaces old 1 contracts, proceeds=8579"
2023-05-22,close,forced_roll,3,2024-03-15,329.124400329627,331.7553405761719,0.1994989979906268,30.188026311361206,9054.45789340836,0.6195148696390645,298,roll_forced_roll
2023-05-22,open,forced_roll,3,2025-03-21,319.14874973080845,331.7553405761719,0.1994989979906268,53.467823804673195,-16042.29714140196,0.7000134772874465,669,"replaces old 3 contracts, proceeds=9054"
2023-05-22,close,forced_roll,3,2024-03-15,327.06261797733333,331.7553405761719,0.1994989979906268,31.29685963773686,9387.107891321057,0.6326431394827441,298,roll_forced_roll
2023-05-22,open,forced_roll,3,2025-03-21,319.14874973080845,331.7553405761719,0.1994989979906268,53.467823804673195,-16042.29714140196,0.7000134772874465,669,"replaces old 3 contracts, proceeds=9387"
2023-05-22,close,forced_roll,2,2024-03-15,301.7850721082698,331.7553405761719,0.1994989979906268,47.08326021863542,9415.352043727084,0.7826525470213234,298,roll_forced_roll
2023-05-22,open,forced_roll,2,2025-03-21,319.14874973080845,331.7553405761719,0.1994989979906268,53.467823804673195,-10694.864760934639,0.7000134772874465,669,"replaces old 2 contracts, proceeds=9415"
2023-06-01,close,harvest_roll,1,2024-06-21,278.3509312114196,345.8749084472656,0.20797274033187374,81.69225225523758,8168.5752255237585,0.9010653182415883,386,roll_harvest_roll
2023-06-01,open,harvest_roll,1,2025-06-20,332.98047991164606,345.8749084472656,0.20797274033187374,60.448360490149824,-6045.486049014982,0.6999724416533107,750,"replaces old 1 contracts, proceeds=8169"
2023-06-02,close,harvest_roll,1,2024-12-20,270.61226422768755,348.4688415527344,0.2081704725494898,96.99061790364377,9698.411790364376,0.9025230340710441,567,roll_harvest_roll
2023-06-02,open,harvest_roll,1,2025-06-20,335.43777815493166,348.4688415527344,0.2081704725494898,60.91482133154586,-6092.132133154586,0.699972202460688,749,"replaces old 1 contracts, proceeds=9698"
2023-06-02,close,harvest_roll,1,2024-12-20,270.61226422768755,348.4688415527344,0.2081704725494898,96.99061790364377,9698.411790364376,0.9025230340710441,567,roll_harvest_roll
2023-06-02,open,harvest_roll,1,2025-06-20,335.43777815493166,348.4688415527344,0.2081704725494898,60.91482133154586,-6092.132133154586,0.699972202460688,749,"replaces old 1 contracts, proceeds=9698"
2023-06-02,close,harvest_roll,1,2024-12-20,270.61226422768755,348.4688415527344,0.2081704725494898,96.99061790364377,9698.411790364376,0.9025230340710441,567,roll_harvest_roll
2023-06-02,open,harvest_roll,1,2025-06-20,335.43777815493166,348.4688415527344,0.2081704725494898,60.91482133154586,-6092.132133154586,0.699972202460688,749,"replaces old 1 contracts, proceeds=9698"
2023-06-02,close,harvest_roll,1,2024-12-20,270.61226422768755,348.4688415527344,0.2081704725494898,96.99061790364377,9698.411790364376,0.9025230340710441,567,roll_harvest_roll
2023-06-02,open,harvest_roll,1,2025-06-20,335.43777815493166,348.4688415527344,0.2081704725494898,60.91482133154586,-6092.132133154586,0.699972202460688,749,"replaces old 1 contracts, proceeds=9698"
2023-06-23,open,entry,2,2025-06-20,344.12808462833937,356.3852508904645,0.19675308619860624,58.828415182703466,-11766.983036540692,0.7000177009955264,728,budget=13416
2023-07-06,open,entry,2,2025-06-20,347.93203063280214,360.61610687732315,0.1972588005747172,59.20545747542079,-11842.391495084157,0.7000165475834581,715,budget=13866
2023-07-18,close,harvest_roll,1,2025-03-21,298.6548077471374,379.5368957519531,0.19417655367837905,103.0918618072104,10308.536180721041,0.902152121384353,612,roll_harvest_roll
2023-07-18,open,harvest_roll,1,2025-09-19,368.05298725562506,379.5368957519531,0.19417655367837905,64.25825478831285,-6426.475478831285,0.7000218712556918,794,"replaces old 1 contracts, proceeds=10309"
2023-09-07,open,entry,2,2025-09-19,352.739964538663,364.2566177579788,0.1911918130309456,59.23463268689208,-11848.226537378414,0.7000001035644762,743,budget=13806
2023-11-28,close,harvest_roll,1,2025-06-20,302.8877314108773,384.4711608886719,0.19967362515586695,103.0075634595301,10300.10634595301,0.9003437564000868,570,roll_harvest_roll
2023-11-28,open,harvest_roll,1,2025-12-19,371.2723311673058,384.4711608886719,0.19967362515586695,65.1023572041196,-6510.8857204119595,0.7000303842807557,752,"replaces old 1 contracts, proceeds=10300"
2023-12-11,close,harvest_roll,2,2025-06-20,307.2569455457421,389.7229919433594,0.19456342134349544,103.3289658884016,20664.49317768032,0.905708952745506,557,roll_harvest_roll
2023-12-11,open,harvest_roll,2,2025-12-19,376.83419703855145,389.7229919433594,0.19456342134349544,64.1452189524168,-12830.343790483359,0.7000118533545979,739,"replaces old 2 contracts, proceeds=20664"
2023-12-11,close,harvest_roll,1,2025-06-20,307.2569455457421,389.7229919433594,0.19456342134349544,103.3289658884016,10332.24658884016,0.905708952745506,557,roll_harvest_roll
2023-12-11,open,harvest_roll,1,2025-12-19,376.83419703855145,389.7229919433594,0.19456342134349544,64.1452189524168,-6415.1718952416795,0.7000118533545979,739,"replaces old 1 contracts, proceeds=10332"
2023-12-11,close,harvest_roll,1,2025-06-20,307.2569455457421,389.7229919433594,0.19456342134349544,103.3289658884016,10332.24658884016,0.905708952745506,557,roll_harvest_roll
2023-12-11,open,harvest_roll,1,2025-12-19,376.83419703855145,389.7229919433594,0.19456342134349544,64.1452189524168,-6415.1718952416795,0.7000118533545979,739,"replaces old 1 contracts, proceeds=10332"
2023-12-11,close,harvest_roll,1,2025-06-20,307.2569455457421,389.7229919433594,0.19456342134349544,103.3289658884016,10332.24658884016,0.905708952745506,557,roll_harvest_roll
2023-12-11,open,harvest_roll,1,2025-12-19,376.83419703855145,389.7229919433594,0.19456342134349544,64.1452189524168,-6415.1718952416795,0.7000118533545979,739,"replaces old 1 contracts, proceeds=10332"
2023-12-11,close,harvest_roll,1,2025-06-20,307.2569455457421,389.7229919433594,0.19456342134349544,103.3289658884016,10332.24658884016,0.905708952745506,557,roll_harvest_roll
2023-12-11,open,harvest_roll,1,2025-12-19,376.83419703855145,389.7229919433594,0.19456342134349544,64.1452189524168,-6415.1718952416795,0.7000118533545979,739,"replaces old 1 contracts, proceeds=10332"
2023-12-11,close,harvest_roll,1,2025-06-20,307.2569455457421,389.7229919433594,0.19456342134349544,103.3289658884016,10332.24658884016,0.905708952745506,557,roll_harvest_roll
2023-12-11,open,harvest_roll,1,2025-12-19,376.83419703855145,389.7229919433594,0.19456342134349544,64.1452189524168,-6415.1718952416795,0.7000118533545979,739,"replaces old 1 contracts, proceeds=10332"
2023-12-11,close,harvest_roll,1,2025-06-20,307.2569455457421,389.7229919433594,0.19456342134349544,103.3289658884016,10332.24658884016,0.905708952745506,557,roll_harvest_roll
2023-12-11,open,harvest_roll,1,2025-12-19,376.83419703855145,389.7229919433594,0.19456342134349544,64.1452189524168,-6415.1718952416795,0.7000118533545979,739,"replaces old 1 contracts, proceeds=10332"
2023-12-11,close,harvest_roll,1,2025-06-20,307.2569455457421,389.7229919433594,0.19456342134349544,103.3289658884016,10332.24658884016,0.905708952745506,557,roll_harvest_roll
2023-12-11,open,harvest_roll,1,2025-12-19,376.83419703855145,389.7229919433594,0.19456342134349544,64.1452189524168,-6415.1718952416795,0.7000118533545979,739,"replaces old 1 contracts, proceeds=10332"
2023-12-11,close,harvest_roll,1,2025-06-20,307.2569455457421,389.7229919433594,0.19456342134349544,103.3289658884016,10332.24658884016,0.905708952745506,557,roll_harvest_roll
2023-12-11,open,harvest_roll,1,2025-12-19,376.83419703855145,389.7229919433594,0.19456342134349544,64.1452189524168,-6415.1718952416795,0.7000118533545979,739,"replaces old 1 contracts, proceeds=10332"
2023-12-11,close,harvest_roll,1,2025-06-20,307.2569455457421,389.7229919433594,0.19456342134349544,103.3289658884016,10332.24658884016,0.905708952745506,557,roll_harvest_roll
2023-12-11,open,harvest_roll,1,2025-12-19,376.83419703855145,389.7229919433594,0.19456342134349544,64.1452189524168,-6415.1718952416795,0.7000118533545979,739,"replaces old 1 contracts, proceeds=10332"
2023-12-11,close,harvest_roll,1,2025-06-20,307.2569455457421,389.7229919433594,0.19456342134349544,103.3289658884016,10332.24658884016,0.905708952745506,557,roll_harvest_roll
2023-12-11,open,harvest_roll,1,2025-12-19,376.83419703855145,389.7229919433594,0.19456342134349544,64.1452189524168,-6415.1718952416795,0.7000118533545979,739,"replaces old 1 contracts, proceeds=10332"
2023-12-11,close,harvest_roll,1,2025-06-20,307.2569455457421,389.7229919433594,0.19456342134349544,103.3289658884016,10332.24658884016,0.905708952745506,557,roll_harvest_roll
2023-12-11,open,harvest_roll,1,2025-12-19,376.83419703855145,389.7229919433594,0.19456342134349544,64.1452189524168,-6415.1718952416795,0.7000118533545979,739,"replaces old 1 contracts, proceeds=10332"
2023-12-11,close,harvest_roll,1,2025-06-20,307.2569455457421,389.7229919433594,0.19456342134349544,103.3289658884016,10332.24658884016,0.905708952745506,557,roll_harvest_roll
2023-12-11,open,harvest_roll,1,2025-12-19,376.83419703855145,389.7229919433594,0.19456342134349544,64.1452189524168,-6415.1718952416795,0.7000118533545979,739,"replaces old 1 contracts, proceeds=10332"
2023-12-13,close,harvest_roll,3,2025-03-21,319.14874973080845,397.8224792480469,0.19664657713182207,97.38462360981718,29213.437082945155,0.9022480290008936,464,roll_harvest_roll
2023-12-13,open,harvest_roll,3,2025-12-19,384.3221942602217,397.8224792480469,0.19664657713182207,65.97618206047443,-19794.804618142327,0.7000190740229251,737,"replaces old 3 contracts, proceeds=29213"
2023-12-13,close,harvest_roll,3,2025-03-21,319.14874973080845,397.8224792480469,0.19664657713182207,97.38462360981718,29213.437082945155,0.9022480290008936,464,roll_harvest_roll
2023-12-13,open,harvest_roll,3,2025-12-19,384.3221942602217,397.8224792480469,0.19664657713182207,65.97618206047443,-19794.804618142327,0.7000190740229251,737,"replaces old 3 contracts, proceeds=29213"
2023-12-13,close,harvest_roll,2,2025-03-21,319.14874973080845,397.8224792480469,0.19664657713182207,97.38462360981718,19475.62472196344,0.9022480290008936,464,roll_harvest_roll
2023-12-13,open,harvest_roll,2,2025-12-19,384.3221942602217,397.8224792480469,0.19664657713182207,65.97618206047443,-13196.536412094885,0.7000190740229251,737,"replaces old 2 contracts, proceeds=19476"
2024-01-18,close,harvest_roll,1,2025-06-20,332.98047991164606,407.9642028808594,0.17961708039870505,96.61385572670162,9660.735572670163,0.900342309632774,519,roll_harvest_roll
2024-01-18,open,harvest_roll,1,2026-03-20,398.75743560032925,407.9642028808594,0.17961708039870505,64.7384867529024,-6474.49867529024,0.700000358804299,792,"replaces old 1 contracts, proceeds=9661"
2024-01-19,close,harvest_roll,1,2025-06-20,335.43777815493166,416.0545654296875,0.18364600171964027,102.18069283541715,10217.419283541714,0.9056156232070315,518,roll_harvest_roll
2024-01-19,open,harvest_roll,1,2026-03-20,405.9704298831905,416.0545654296875,0.18364600171964027,67.20079640700368,-6720.729640700368,0.7000002156488103,791,"replaces old 1 contracts, proceeds=10217"
2024-01-19,close,harvest_roll,1,2025-06-20,335.43777815493166,416.0545654296875,0.18364600171964027,102.18069283541715,10217.419283541714,0.9056156232070315,518,roll_harvest_roll
2024-01-19,open,harvest_roll,1,2026-03-20,405.9704298831905,416.0545654296875,0.18364600171964027,67.20079640700368,-6720.729640700368,0.7000002156488103,791,"replaces old 1 contracts, proceeds=10217"
2024-01-19,close,harvest_roll,1,2025-06-20,335.43777815493166,416.0545654296875,0.18364600171964027,102.18069283541715,10217.419283541714,0.9056156232070315,518,roll_harvest_roll
2024-01-19,open,harvest_roll,1,2026-03-20,405.9704298831905,416.0545654296875,0.18364600171964027,67.20079640700368,-6720.729640700368,0.7000002156488103,791,"replaces old 1 contracts, proceeds=10217"
2024-01-19,close,harvest_roll,1,2025-06-20,335.43777815493166,416.0545654296875,0.18364600171964027,102.18069283541715,10217.419283541714,0.9056156232070315,518,roll_harvest_roll
2024-01-19,open,harvest_roll,1,2026-03-20,405.9704298831905,416.0545654296875,0.18364600171964027,67.20079640700368,-6720.729640700368,0.7000002156488103,791,"replaces old 1 contracts, proceeds=10217"
2024-01-23,close,harvest_roll,2,2025-06-20,344.12808462833937,418.3265686035156,0.17188927382199995,96.03742012348093,19206.184024696187,0.9027756750417236,514,roll_harvest_roll
2024-01-23,open,harvest_roll,2,2026-03-20,410.1128944662295,418.3265686035156,0.17188927382199995,63.84142956429385,-12769.585912858769,0.700000953947268,787,"replaces old 2 contracts, proceeds=19206"
2024-01-24,close,harvest_roll,2,2025-06-20,347.93203063280214,420.6479797363281,0.1640101052939909,94.35052396935748,18868.8047938715,0.907109979821826,513,roll_harvest_roll
2024-01-24,open,harvest_roll,2,2026-03-20,413.7975958427636,420.6479797363281,0.1640101052939909,61.69905584284176,-12341.111168568352,0.7000023326029452,786,"replaces old 2 contracts, proceeds=18869"
2024-01-31,open,entry,3,2026-03-20,408.1047410428181,415.72850893992563,0.1678400364340702,61.92835845414734,-18580.457536244205,0.7000015904008886,779,budget=19331
2024-02-08,close,harvest_roll,2,2025-09-19,352.739964538663,427.5232543945313,0.16391305504012768,99.83898404082494,19966.49680816499,0.9022009637851663,589,roll_harvest_roll
2024-02-08,open,harvest_roll,2,2026-03-20,420.2284372582365,427.5232543945313,0.16391305504012768,62.16119357552145,-12433.538715104289,0.700002536412098,771,"replaces old 2 contracts, proceeds=19966"
2024-02-13,open,entry,3,2026-03-20,414.72865611252456,422.0802742905193,0.16410351521195504,61.25850692452008,-18379.502077356025,0.700002548048526,766,budget=20045
2024-04-02,open,entry,3,2026-03-20,423.18895378872344,435.2993359937669,0.1830802980044128,67.29065452843743,-20189.146358531227,0.7000004041347162,717,budget=22328
2024-04-10,open,entry,3,2026-06-19,421.814404957937,432.2528279423145,0.1846405958561958,70.45972157758521,-21139.866473275564,0.7000001769728814,800,budget=21770
2024-04-25,open,entry,2,2026-06-19,402.27137553524017,414.68571719948034,0.1977312555624504,70.91335528075004,-14183.971056150007,0.7000269824520824,785,budget=19065
2024-05-28,close,harvest_roll,1,2025-09-19,368.05298725562506,454.6864013671875,0.18536934011085834,108.77944159135555,10877.294159135556,0.9053776731310376,479,roll_harvest_roll
2024-05-28,open,harvest_roll,1,2026-06-19,442.4301559416182,454.6864013671875,0.18536934011085834,72.45224172303068,-7245.874172303068,0.7000002327923712,752,"replaces old 1 contracts, proceeds=10877"
2024-06-05,close,harvest_roll,1,2025-12-19,371.2723311673058,458.49462890625,0.1816203076397525,113.15866064975677,11315.216064975677,0.900043598129756,562,roll_harvest_roll
2024-06-05,open,harvest_roll,1,2026-06-19,446.62504578963853,458.49462890625,0.1816203076397525,71.51603192248655,-7152.253192248654,0.7000003942578141,744,"replaces old 1 contracts, proceeds=11315"
2024-06-11,close,harvest_roll,2,2025-12-19,376.83419703855145,462.9358215332031,0.17605944842994894,111.87027471120034,22372.75494224007,0.9023748112676538,556,roll_harvest_roll
2024-06-11,open,harvest_roll,2,2026-06-19,451.8470195851854,462.9358215332031,0.17605944842994894,70.13026309759753,-14027.352619519506,0.7000007976561313,738,"replaces old 2 contracts, proceeds=22373"
2024-06-11,close,harvest_roll,1,2025-12-19,376.83419703855145,462.9358215332031,0.17605944842994894,111.87027471120034,11186.377471120035,0.9023748112676538,556,roll_harvest_roll
2024-06-11,open,harvest_roll,1,2026-06-19,451.8470195851854,462.9358215332031,0.17605944842994894,70.13026309759753,-7013.676309759753,0.7000007976561313,738,"replaces old 1 contracts, proceeds=11186"
2024-06-11,close,harvest_roll,1,2025-12-19,376.83419703855145,462.9358215332031,0.17605944842994894,111.87027471120034,11186.377471120035,0.9023748112676538,556,roll_harvest_roll
2024-06-11,open,harvest_roll,1,2026-06-19,451.8470195851854,462.9358215332031,0.17605944842994894,70.13026309759753,-7013.676309759753,0.7000007976561313,738,"replaces old 1 contracts, proceeds=11186"
2024-06-11,close,harvest_roll,1,2025-12-19,376.83419703855145,462.9358215332031,0.17605944842994894,111.87027471120034,11186.377471120035,0.9023748112676538,556,roll_harvest_roll
2024-06-11,open,harvest_roll,1,2026-06-19,451.8470195851854,462.9358215332031,0.17605944842994894,70.13026309759753,-7013.676309759753,0.7000007976561313,738,"replaces old 1 contracts, proceeds=11186"
2024-06-11,close,harvest_roll,1,2025-12-19,376.83419703855145,462.9358215332031,0.17605944842994894,111.87027471120034,11186.377471120035,0.9023748112676538,556,roll_harvest_roll
2024-06-11,open,harvest_roll,1,2026-06-19,451.8470195851854,462.9358215332031,0.17605944842994894,70.13026309759753,-7013.676309759753,0.7000007976561313,738,"replaces old 1 contracts, proceeds=11186"
2024-06-11,close,harvest_roll,1,2025-12-19,376.83419703855145,462.9358215332031,0.17605944842994894,111.87027471120034,11186.377471120035,0.9023748112676538,556,roll_harvest_roll
2024-06-11,open,harvest_roll,1,2026-06-19,451.8470195851854,462.9358215332031,0.17605944842994894,70.13026309759753,-7013.676309759753,0.7000007976561313,738,"replaces old 1 contracts, proceeds=11186"
2024-06-11,close,harvest_roll,1,2025-12-19,376.83419703855145,462.9358215332031,0.17605944842994894,111.87027471120034,11186.377471120035,0.9023748112676538,556,roll_harvest_roll
2024-06-11,open,harvest_roll,1,2026-06-19,451.8470195851854,462.9358215332031,0.17605944842994894,70.13026309759753,-7013.676309759753,0.7000007976561313,738,"replaces old 1 contracts, proceeds=11186"
2024-06-11,close,harvest_roll,1,2025-12-19,376.83419703855145,462.9358215332031,0.17605944842994894,111.87027471120034,11186.377471120035,0.9023748112676538,556,roll_harvest_roll
2024-06-11,open,harvest_roll,1,2026-06-19,451.8470195851854,462.9358215332031,0.17605944842994894,70.13026309759753,-7013.676309759753,0.7000007976561313,738,"replaces old 1 contracts, proceeds=11186"
2024-06-11,close,harvest_roll,1,2025-12-19,376.83419703855145,462.9358215332031,0.17605944842994894,111.87027471120034,11186.377471120035,0.9023748112676538,556,roll_harvest_roll
2024-06-11,open,harvest_roll,1,2026-06-19,451.8470195851854,462.9358215332031,0.17605944842994894,70.13026309759753,-7013.676309759753,0.7000007976561313,738,"replaces old 1 contracts, proceeds=11186"
2024-06-11,close,harvest_roll,1,2025-12-19,376.83419703855145,462.9358215332031,0.17605944842994894,111.87027471120034,11186.377471120035,0.9023748112676538,556,roll_harvest_roll
2024-06-11,open,harvest_roll,1,2026-06-19,451.8470195851854,462.9358215332031,0.17605944842994894,70.13026309759753,-7013.676309759753,0.7000007976561313,738,"replaces old 1 contracts, proceeds=11186"
2024-06-11,close,harvest_roll,1,2025-12-19,376.83419703855145,462.9358215332031,0.17605944842994894,111.87027471120034,11186.377471120035,0.9023748112676538,556,roll_harvest_roll
2024-06-11,open,harvest_roll,1,2026-06-19,451.8470195851854,462.9358215332031,0.17605944842994894,70.13026309759753,-7013.676309759753,0.7000007976561313,738,"replaces old 1 contracts, proceeds=11186"
2024-06-11,close,harvest_roll,1,2025-12-19,376.83419703855145,462.9358215332031,0.17605944842994894,111.87027471120034,11186.377471120035,0.9023748112676538,556,roll_harvest_roll
2024-06-11,open,harvest_roll,1,2026-06-19,451.8470195851854,462.9358215332031,0.17605944842994894,70.13026309759753,-7013.676309759753,0.7000007976561313,738,"replaces old 1 contracts, proceeds=11186"
2024-06-11,close,harvest_roll,1,2025-12-19,376.83419703855145,462.9358215332031,0.17605944842994894,111.87027471120034,11186.377471120035,0.9023748112676538,556,roll_harvest_roll
2024-06-11,open,harvest_roll,1,2026-06-19,451.8470195851854,462.9358215332031,0.17605944842994894,70.13026309759753,-7013.676309759753,0.7000007976561313,738,"replaces old 1 contracts, proceeds=11186"
2024-06-13,close,harvest_roll,3,2025-12-19,384.3221942602217,471.5413208007813,0.17729777990291695,113.58209074867304,34072.67722460191,0.9003440447447949,554,roll_harvest_roll
2024-06-13,open,harvest_roll,3,2026-06-19,459.9602919384596,471.5413208007813,0.17729777990291695,71.7686038963413,-21532.531168902387,0.7000006998048025,736,"replaces old 3 contracts, proceeds=34073"
2024-06-13,close,harvest_roll,3,2025-12-19,384.3221942602217,471.5413208007813,0.17729777990291695,113.58209074867304,34072.67722460191,0.9003440447447949,554,roll_harvest_roll
2024-06-13,open,harvest_roll,3,2026-06-19,459.9602919384596,471.5413208007813,0.17729777990291695,71.7686038963413,-21532.531168902387,0.7000006998048025,736,"replaces old 3 contracts, proceeds=34073"
2024-06-13,close,harvest_roll,2,2025-12-19,384.3221942602217,471.5413208007813,0.17729777990291695,113.58209074867304,22715.118149734608,0.9003440447447949,554,roll_harvest_roll
2024-06-13,open,harvest_roll,2,2026-06-19,459.9602919384596,471.5413208007813,0.17729777990291695,71.7686038963413,-14355.02077926826,0.7000006998048025,736,"replaces old 2 contracts, proceeds=22715"
2024-07-08,close,harvest_roll,1,2026-03-20,398.75743560032925,492.71923828125,0.17669630918368376,124.11887824073051,12411.237824073052,0.9004240741837577,620,roll_harvest_roll
2024-07-08,open,harvest_roll,1,2026-06-19,480.1179870438312,492.71923828125,0.17669630918368376,73.69030258715834,-7369.680258715834,0.7000008880480364,711,"replaces old 1 contracts, proceeds=12411"
2024-07-10,close,harvest_roll,1,2026-03-20,405.9704298831905,498.2870178222656,0.16996273539411705,122.55038157276677,12254.388157276677,0.9027684740872114,618,roll_harvest_roll
2024-07-10,open,harvest_roll,1,2026-09-18,489.2659082873071,498.2870178222656,0.16996273539411705,75.86181700491666,-7586.831700491665,0.7000011086199488,800,"replaces old 1 contracts, proceeds=12254"
2024-07-10,close,harvest_roll,1,2026-03-20,405.9704298831905,498.2870178222656,0.16996273539411705,122.55038157276677,12254.388157276677,0.9027684740872114,618,roll_harvest_roll
2024-07-10,open,harvest_roll,1,2026-09-18,489.2659082873071,498.2870178222656,0.16996273539411705,75.86181700491666,-7586.831700491665,0.7000011086199488,800,"replaces old 1 contracts, proceeds=12254"
2024-07-10,close,harvest_roll,1,2026-03-20,405.9704298831905,498.2870178222656,0.16996273539411705,122.55038157276677,12254.388157276677,0.9027684740872114,618,roll_harvest_roll
2024-07-10,open,harvest_roll,1,2026-09-18,489.2659082873071,498.2870178222656,0.16996273539411705,75.86181700491666,-7586.831700491665,0.7000011086199488,800,"replaces old 1 contracts, proceeds=12254"
2024-07-10,close,harvest_roll,1,2026-03-20,405.9704298831905,498.2870178222656,0.16996273539411705,122.55038157276677,12254.388157276677,0.9027684740872114,618,roll_harvest_roll
2024-07-10,open,harvest_roll,1,2026-09-18,489.2659082873071,498.2870178222656,0.16996273539411705,75.86181700491666,-7586.831700491665,0.7000011086199488,800,"replaces old 1 contracts, proceeds=12254"
2024-07-10,close,harvest_roll,2,2026-06-19,402.27137553524017,498.2870178222656,0.16996273539411705,129.8063154164824,25959.96308329648,0.9027229470319285,709,roll_harvest_roll
2024-07-10,open,harvest_roll,2,2026-09-18,489.2659082873071,498.2870178222656,0.16996273539411705,75.86181700491666,-15173.66340098333,0.7000011086199488,800,"replaces old 2 contracts, proceeds=25960"
2024-07-17,open,entry,4,2026-09-18,473.39144165493764,483.74344074557246,0.17689338269730973,75.84317233477279,-30339.868933909114,0.7000005012255925,793,budget=30551
2024-07-24,open,entry,3,2026-09-18,455.7557369730308,469.4177730491383,0.19561996516989016,79.61907053644298,-23887.671160932896,0.7000208588306344,786,budget=28630
2024-08-02,open,entry,3,2026-09-18,430.7555321160267,446.7008203668183,0.21311431324959718,80.78035334368822,-24236.056003106467,0.700019487755741,777,budget=25191
2024-08-05,open,entry,2,2026-09-18,404.27782492679927,420.7640496665404,0.22356391333080358,78.90619314694429,-15782.538629388857,0.7000086629291106,774,budget=21109
2024-11-15,open,entry,3,2026-12-18,480.943594315252,498.9673849410941,0.2122248396391727,89.26797642077238,-26782.34292623172,0.7000227003789998,763,budget=34843
2024-12-02,close,harvest_roll,2,2026-03-20,410.1128944662295,511.2198486328125,0.18594410790854335,125.09061477621388,25016.822955242777,0.912118093685595,473,roll_harvest_roll
2024-12-02,open,harvest_roll,2,2026-12-18,497.1688880617603,511.2198486328125,0.18594410790854335,81.39391472801782,-16280.082945603563,0.7000002269072564,746,"replaces old 2 contracts, proceeds=25017"
2024-12-02,close,harvest_roll,2,2026-03-20,413.7975958427636,511.2198486328125,0.18594410790854335,122.05035334408589,24408.77066881718,0.9055707078869351,473,roll_harvest_roll
2024-12-02,open,harvest_roll,2,2026-12-18,497.1688880617603,511.2198486328125,0.18594410790854335,81.39391472801782,-16280.082945603563,0.7000002269072564,746,"replaces old 2 contracts, proceeds=24409"
2024-12-02,close,harvest_roll,3,2026-03-20,408.1047410428181,511.2198486328125,0.18594410790854335,126.75994656736715,38026.03397021015,0.9155515470178688,473,roll_harvest_roll
2024-12-02,open,harvest_roll,3,2026-12-18,497.1688880617603,511.2198486328125,0.18594410790854335,81.39391472801782,-24420.124418405343,0.7000002269072564,746,"replaces old 3 contracts, proceeds=38026"
2024-12-02,close,harvest_roll,3,2026-03-20,414.72865611252456,511.2198486328125,0.18594410790854335,121.28690554677515,36384.121664032544,0.9038654855638941,473,roll_harvest_roll
2024-12-02,open,harvest_roll,3,2026-12-18,497.1688880617603,511.2198486328125,0.18594410790854335,81.39391472801782,-24420.124418405343,0.7000002269072564,746,"replaces old 3 contracts, proceeds=36384"
2024-12-02,close,harvest_roll,2,2026-09-18,404.27782492679927,511.2198486328125,0.18594410790854335,139.0439506055014,27807.490121100283,0.9041662309102562,655,roll_harvest_roll
2024-12-02,open,harvest_roll,2,2026-12-18,497.1688880617603,511.2198486328125,0.18594410790854335,81.39391472801782,-16280.082945603563,0.7000002269072564,746,"replaces old 2 contracts, proceeds=27807"
2024-12-04,close,harvest_roll,2,2026-03-20,420.2284372582365,519.1268310546875,0.18515611029841628,123.73024156658798,24744.748313317596,0.9065296177592501,471,roll_harvest_roll
2024-12-04,open,harvest_roll,2,2026-12-18,504.964985422424,519.1268310546875,0.18515611029841628,82.27158453678891,-16455.61690735778,0.7000002545022811,744,"replaces old 2 contracts, proceeds=24745"
2024-12-04,close,harvest_roll,3,2026-03-20,423.18895378872344,519.1268310546875,0.18515611029841628,121.30456545895342,36389.41963768603,0.9011291448821169,471,roll_harvest_roll
2024-12-04,open,harvest_roll,3,2026-12-18,504.964985422424,519.1268310546875,0.18515611029841628,82.27158453678891,-24683.425361036672,0.7000002545022811,744,"replaces old 3 contracts, proceeds=36389"
2024-12-06,close,harvest_roll,3,2026-06-19,421.814404957937,522.3214721679688,0.1799929742506447,129.55721581770322,38865.214745310965,0.9038185846614534,560,roll_harvest_roll
2024-12-06,open,harvest_roll,3,2026-12-18,509.0854241566734,522.3214721679688,0.1799929742506447,80.77557884042264,-24234.623652126793,0.7000004873392021,742,"replaces old 3 contracts, proceeds=38865"
2024-12-30,open,entry,4,2026-12-18,493.91565761496076,512.2627757493814,0.2048934745473218,86.88175756517332,-34755.30302606933,0.6999735702045723,718,budget=37190
2025-01-13,open,entry,3,2027-03-19,478.3110361763504,498.04293610964163,0.20886058385174763,89.46009950564763,-26839.97985169429,0.7000192226812251,795,budget=33194
2025-01-27,open,entry,3,2027-03-19,484.4911457265433,507.7812366132107,0.22655627477535056,96.5742815897692,-28974.23447693076,0.7000048760908274,781,budget=36688
2025-03-21,open,entry,2,2027-03-19,445.7127606625212,471.0937592442753,0.24697740054356535,93.19044224052094,-18639.388448104186,0.7000011783685732,728,budget=27922
2025-04-07,open,entry,2,2027-03-19,379.4730734463383,406.69142055496206,0.30659021211419524,93.87002775434165,-18775.30555086833,0.700000286287719,711,budget=18947
2025-07-08,close,harvest_roll,2,2027-03-19,379.4730734463383,550.2967529296875,0.24069215681948286,196.91310673745005,39381.321347490004,0.9306610113056984,619,roll_harvest_roll
2025-07-08,open,harvest_roll,2,2027-06-18,521.1687929461082,550.2967529296875,0.24069215681948286,105.63562236143275,-21128.42447228655,0.700002502110055,710,"replaces old 2 contracts, proceeds=39381"
2025-07-09,close,harvest_roll,1,2026-06-19,442.4301559416182,554.1921997070312,0.2174111660237054,131.391247857688,13138.4747857688,0.9051001994782526,345,roll_harvest_roll
2025-07-09,open,harvest_roll,1,2027-09-17,530.8084512571163,554.1921997070312,0.2174111660237054,103.02887952744943,-10303.537952744942,0.7000093178193894,800,"replaces old 1 contracts, proceeds=13138"
2025-07-09,close,harvest_roll,3,2026-09-18,430.7555321160267,554.1921997070312,0.2174111660237054,146.55564889320314,43964.74466796094,0.908509248285008,436,roll_harvest_roll
2025-07-09,open,harvest_roll,3,2027-09-17,530.8084512571163,554.1921997070312,0.2174111660237054,103.02887952744943,-30910.61385823483,0.7000093178193894,800,"replaces old 3 contracts, proceeds=43965"
2025-07-14,close,harvest_roll,1,2026-06-19,446.62504578963853,554.15234375,0.21537408631786795,127.36811716115278,12736.161716115279,0.900325994215006,340,roll_harvest_roll
2025-07-14,open,harvest_roll,1,2027-09-17,531.0076250100121,554.15234375,0.21537408631786795,101.99787939910456,-10200.437939910456,0.700011396303382,795,"replaces old 1 contracts, proceeds=12736"
2025-07-15,close,harvest_roll,2,2026-06-19,451.8470195851854,554.660400390625,0.2015082665573791,122.18224263170426,24435.14852634085,0.9040366755252351,339,roll_harvest_roll
2025-07-15,open,harvest_roll,2,2027-09-17,534.092163852779,554.660400390625,0.2015082665573791,96.7488290581639,-19351.06581163278,0.6999756522126416,794,"replaces old 2 contracts, proceeds=24435"
2025-07-15,close,harvest_roll,1,2026-06-19,451.8470195851854,554.660400390625,0.2015082665573791,122.18224263170426,12217.574263170425,0.9040366755252351,339,roll_harvest_roll
2025-07-15,open,harvest_roll,1,2027-09-17,534.092163852779,554.660400390625,0.2015082665573791,96.7488290581639,-9675.53290581639,0.6999756522126416,794,"replaces old 1 contracts, proceeds=12218"
2025-07-15,close,harvest_roll,1,2026-06-19,451.8470195851854,554.660400390625,0.2015082665573791,122.18224263170426,12217.574263170425,0.9040366755252351,339,roll_harvest_roll
2025-07-15,open,harvest_roll,1,2027-09-17,534.092163852779,554.660400390625,0.2015082665573791,96.7488290581639,-9675.53290581639,0.6999756522126416,794,"replaces old 1 contracts, proceeds=12218"
2025-07-15,close,harvest_roll,1,2026-06-19,451.8470195851854,554.660400390625,0.2015082665573791,122.18224263170426,12217.574263170425,0.9040366755252351,339,roll_harvest_roll
2025-07-15,open,harvest_roll,1,2027-09-17,534.092163852779,554.660400390625,0.2015082665573791,96.7488290581639,-9675.53290581639,0.6999756522126416,794,"replaces old 1 contracts, proceeds=12218"
2025-07-15,close,harvest_roll,1,2026-06-19,451.8470195851854,554.660400390625,0.2015082665573791,122.18224263170426,12217.574263170425,0.9040366755252351,339,roll_harvest_roll
2025-07-15,open,harvest_roll,1,2027-09-17,534.092163852779,554.660400390625,0.2015082665573791,96.7488290581639,-9675.53290581639,0.6999756522126416,794,"replaces old 1 contracts, proceeds=12218"
2025-07-15,close,harvest_roll,1,2026-06-19,451.8470195851854,554.660400390625,0.2015082665573791,122.18224263170426,12217.574263170425,0.9040366755252351,339,roll_harvest_roll
2025-07-15,open,harvest_roll,1,2027-09-17,534.092163852779,554.660400390625,0.2015082665573791,96.7488290581639,-9675.53290581639,0.6999756522126416,794,"replaces old 1 contracts, proceeds=12218"
2025-07-15,close,harvest_roll,1,2026-06-19,451.8470195851854,554.660400390625,0.2015082665573791,122.18224263170426,12217.574263170425,0.9040366755252351,339,roll_harvest_roll
2025-07-15,open,harvest_roll,1,2027-09-17,534.092163852779,554.660400390625,0.2015082665573791,96.7488290581639,-9675.53290581639,0.6999756522126416,794,"replaces old 1 contracts, proceeds=12218"
2025-07-15,close,harvest_roll,1,2026-06-19,451.8470195851854,554.660400390625,0.2015082665573791,122.18224263170426,12217.574263170425,0.9040366755252351,339,roll_harvest_roll
2025-07-15,open,harvest_roll,1,2027-09-17,534.092163852779,554.660400390625,0.2015082665573791,96.7488290581639,-9675.53290581639,0.6999756522126416,794,"replaces old 1 contracts, proceeds=12218"
2025-07-15,close,harvest_roll,1,2026-06-19,451.8470195851854,554.660400390625,0.2015082665573791,122.18224263170426,12217.574263170425,0.9040366755252351,339,roll_harvest_roll
2025-07-15,open,harvest_roll,1,2027-09-17,534.092163852779,554.660400390625,0.2015082665573791,96.7488290581639,-9675.53290581639,0.6999756522126416,794,"replaces old 1 contracts, proceeds=12218"
2025-07-15,close,harvest_roll,1,2026-06-19,451.8470195851854,554.660400390625,0.2015082665573791,122.18224263170426,12217.574263170425,0.9040366755252351,339,roll_harvest_roll
2025-07-15,open,harvest_roll,1,2027-09-17,534.092163852779,554.660400390625,0.2015082665573791,96.7488290581639,-9675.53290581639,0.6999756522126416,794,"replaces old 1 contracts, proceeds=12218"
2025-07-15,close,harvest_roll,1,2026-06-19,451.8470195851854,554.660400390625,0.2015082665573791,122.18224263170426,12217.574263170425,0.9040366755252351,339,roll_harvest_roll
2025-07-15,open,harvest_roll,1,2027-09-17,534.092163852779,554.660400390625,0.2015082665573791,96.7488290581639,-9675.53290581639,0.6999756522126416,794,"replaces old 1 contracts, proceeds=12218"
2025-07-15,close,harvest_roll,1,2026-06-19,451.8470195851854,554.660400390625,0.2015082665573791,122.18224263170426,12217.574263170425,0.9040366755252351,339,roll_harvest_roll
2025-07-15,open,harvest_roll,1,2027-09-17,534.092163852779,554.660400390625,0.2015082665573791,96.7488290581639,-9675.53290581639,0.6999756522126416,794,"replaces old 1 contracts, proceeds=12218"
2025-07-15,close,harvest_roll,1,2026-06-19,451.8470195851854,554.660400390625,0.2015082665573791,122.18224263170426,12217.574263170425,0.9040366755252351,339,roll_harvest_roll
2025-07-15,open,harvest_roll,1,2027-09-17,534.092163852779,554.660400390625,0.2015082665573791,96.7488290581639,-9675.53290581639,0.6999756522126416,794,"replaces old 1 contracts, proceeds=12218"
2025-07-17,close,harvest_roll,3,2026-06-19,459.9602919384596,559.7216186523438,0.1906926537468968,118.88125865143843,35662.42759543154,0.9072392243526674,337,roll_harvest_roll
2025-07-17,open,harvest_roll,3,2027-09-17,541.1129694972129,559.7216186523438,0.1906926537468968,93.28283095672231,-27986.79928701669,0.7000176343446672,792,"replaces old 3 contracts, proceeds=35662"
2025-07-17,close,harvest_roll,3,2026-06-19,459.9602919384596,559.7216186523438,0.1906926537468968,118.88125865143843,35662.42759543154,0.9072392243526674,337,roll_harvest_roll
2025-07-17,open,harvest_roll,3,2027-09-17,541.1129694972129,559.7216186523438,0.1906926537468968,93.28283095672231,-27986.79928701669,0.7000176343446672,792,"replaces old 3 contracts, proceeds=35662"
2025-07-17,close,harvest_roll,2,2026-06-19,459.9602919384596,559.7216186523438,0.1906926537468968,118.88125865143843,23774.95173028769,0.9072392243526674,337,roll_harvest_roll
2025-07-17,open,harvest_roll,2,2027-09-17,541.1129694972129,559.7216186523438,0.1906926537468968,93.28283095672231,-18657.86619134446,0.7000176343446672,792,"replaces old 2 contracts, proceeds=23775"
2025-07-18,close,harvest_roll,3,2026-09-18,455.7557369730308,559.1836547851562,0.18461646661817138,126.72202939233007,38014.658817699026,0.9047501150506617,427,roll_harvest_roll
2025-07-18,open,harvest_roll,3,2027-09-17,541.8838039355636,559.1836547851562,0.18461646661817138,90.70977206962286,-27214.881620886852,0.7000001251073148,791,"replaces old 3 contracts, proceeds=38015"
2025-07-18,close,harvest_roll,2,2027-03-19,445.7127606625212,559.1836547851562,0.18461646661817138,144.86740669161074,28972.18133832215,0.9006003728879303,609,roll_harvest_roll
2025-07-18,open,harvest_roll,2,2027-09-17,541.8838039355636,559.1836547851562,0.18461646661817138,90.70977206962286,-18143.25441392457,0.7000001251073148,791,"replaces old 2 contracts, proceeds=28972"
2025-07-28,close,harvest_roll,1,2026-06-19,480.1179870438312,566.0381469726562,0.17066994810976166,105.16974596877046,10516.324596877046,0.9002752561474332,326,roll_harvest_roll
2025-07-28,open,harvest_roll,1,2027-09-17,551.4842950769735,566.0381469726562,0.17066994810976166,85.59539430551233,-8560.189430551232,0.7000007917103701,781,"replaces old 1 contracts, proceeds=10516"
2025-07-30,close,harvest_roll,4,2026-09-18,473.39144165493764,565.918701171875,0.16717235444714323,115.73859593438888,46292.838373755556,0.902585316723862,415,roll_harvest_roll
2025-07-30,open,harvest_roll,4,2027-09-17,552.1599444612295,565.918701171875,0.16717235444714323,84.02101295339243,-33611.00518135697,0.7000012084318425,779,"replaces old 4 contracts, proceeds=46293"
2025-08-01,open,entry,5,2027-09-17,541.9149391962044,556.7626323149415,0.172512276617685,84.76250563271222,-42384.50281635611,0.7000006505982307,777,budget=43553
2025-08-08,close,harvest_roll,3,2026-12-18,480.943594315252,572.4244384765625,0.1536322428000656,118.58724187694254,35574.22256308276,0.9040608033431224,497,roll_harvest_roll
2025-08-08,open,harvest_roll,3,2027-09-17,561.7158796846563,572.4244384765625,0.1536322428000656,78.76065327071021,-23630.145981213063,0.7000051463043011,770,"replaces old 3 contracts, proceeds=35574"
2025-08-08,close,harvest_roll,3,2027-03-19,478.3110361763504,572.4244384765625,0.1536322428000656,125.67520714563608,37700.61214369083,0.9000571452765449,588,roll_harvest_roll
2025-08-08,open,harvest_roll,3,2027-09-17,561.7158796846563,572.4244384765625,0.1536322428000656,78.76065327071021,-23630.145981213063,0.7000051463043011,770,"replaces old 3 contracts, proceeds=37701"
2025-08-12,close,harvest_roll,1,2026-09-18,489.2659082873071,577.9041137695312,0.15566825422576402,111.39472217556944,11138.822217556944,0.9065765612713471,402,roll_harvest_roll
2025-08-12,open,harvest_roll,1,2027-09-17,566.4463774976675,577.9041137695312,0.15566825422576402,80.22530593724,-8023.180593723999,0.700004335479442,766,"replaces old 1 contracts, proceeds=11139"
2025-08-12,close,harvest_roll,1,2026-09-18,489.2659082873071,577.9041137695312,0.15566825422576402,111.39472217556944,11138.822217556944,0.9065765612713471,402,roll_harvest_roll
2025-08-12,open,harvest_roll,1,2027-09-17,566.4463774976675,577.9041137695312,0.15566825422576402,80.22530593724,-8023.180593723999,0.700004335479442,766,"replaces old 1 contracts, proceeds=11139"
2025-08-12,close,harvest_roll,1,2026-09-18,489.2659082873071,577.9041137695312,0.15566825422576402,111.39472217556944,11138.822217556944,0.9065765612713471,402,roll_harvest_roll
2025-08-12,open,harvest_roll,1,2027-09-17,566.4463774976675,577.9041137695312,0.15566825422576402,80.22530593724,-8023.180593723999,0.700004335479442,766,"replaces old 1 contracts, proceeds=11139"
2025-08-12,close,harvest_roll,1,2026-09-18,489.2659082873071,577.9041137695312,0.15566825422576402,111.39472217556944,11138.822217556944,0.9065765612713471,402,roll_harvest_roll
2025-08-12,open,harvest_roll,1,2027-09-17,566.4463774976675,577.9041137695312,0.15566825422576402,80.22530593724,-8023.180593723999,0.700004335479442,766,"replaces old 1 contracts, proceeds=11139"
2025-08-12,close,harvest_roll,2,2026-09-18,489.2659082873071,577.9041137695312,0.15566825422576402,111.39472217556944,22277.64443511389,0.9065765612713471,402,roll_harvest_roll
2025-08-12,open,harvest_roll,2,2027-09-17,566.4463774976675,577.9041137695312,0.15566825422576402,80.22530593724,-16046.361187447998,0.700004335479442,766,"replaces old 2 contracts, proceeds=22278"
2025-09-02,open,entry,5,2027-09-17,548.4255865051406,559.2334738058692,0.1524261745257468,75.345259822361,-37675.8799111805,0.7000062273431338,745,budget=41917
2025-09-09,close,harvest_roll,3,2027-03-19,484.4911457265433,578.3624877929688,0.15232891851487762,124.10387957435563,37229.21387230669,0.902326923791059,556,roll_harvest_roll
2025-09-09,open,harvest_roll,3,2027-09-17,567.0233387422519,578.3624877929688,0.15232891851487762,77.56115083168046,-23270.29524950414,0.7000064224663647,738,"replaces old 3 contracts, proceeds=37229"
2025-09-11,close,harvest_roll,4,2026-12-18,493.91565761496076,581.919189453125,0.15,114.09726224578408,45636.30489831363,0.9030006706168927,463,roll_harvest_roll
2025-09-11,open,harvest_roll,4,2027-09-17,571.079573729786,581.919189453125,0.15,76.92831895610456,-30773.927582441822,0.7000077071510235,736,"replaces old 4 contracts, proceeds=45636"
2025-09-12,close,harvest_roll,2,2026-12-18,497.1688880617603,584.4896240234375,0.15,113.65518640640435,22729.73728128087,0.9010192758582029,462,roll_harvest_roll
2025-09-12,open,harvest_roll,2,2027-09-17,573.5750120229475,584.4896240234375,0.15,77.22232822519078,-15445.765645038155,0.7000077281526562,735,"replaces old 2 contracts, proceeds=22730"
2025-09-12,close,harvest_roll,2,2026-12-18,497.1688880617603,584.4896240234375,0.15,113.65518640640435,22729.73728128087,0.9010192758582029,462,roll_harvest_roll
2025-09-12,open,harvest_roll,2,2027-09-17,573.5750120229475,584.4896240234375,0.15,77.22232822519078,-15445.765645038155,0.7000077281526562,735,"replaces old 2 contracts, proceeds=22730"
2025-09-12,close,harvest_roll,3,2026-12-18,497.1688880617603,584.4896240234375,0.15,113.65518640640435,34094.605921921306,0.9010192758582029,462,roll_harvest_roll
2025-09-12,open,harvest_roll,3,2027-09-17,573.5750120229475,584.4896240234375,0.15,77.22232822519078,-23168.648467557232,0.7000077281526562,735,"replaces old 3 contracts, proceeds=34095"
2025-09-12,close,harvest_roll,3,2026-12-18,497.1688880617603,584.4896240234375,0.15,113.65518640640435,34094.605921921306,0.9010192758582029,462,roll_harvest_roll
2025-09-12,open,harvest_roll,3,2027-09-17,573.5750120229475,584.4896240234375,0.15,77.22232822519078,-23168.648467557232,0.7000077281526562,735,"replaces old 3 contracts, proceeds=34095"
2025-09-12,close,harvest_roll,2,2026-12-18,497.1688880617603,584.4896240234375,0.15,113.65518640640435,22729.73728128087,0.9010192758582029,462,roll_harvest_roll
2025-09-12,open,harvest_roll,2,2027-09-17,573.5750120229475,584.4896240234375,0.15,77.22232822519078,-15445.765645038155,0.7000077281526562,735,"replaces old 2 contracts, proceeds=22730"
2025-09-18,close,harvest_roll,2,2026-12-18,504.964985422424,593.1176147460938,0.15,114.60182204729817,22919.064409459635,0.9008493645978672,456,roll_harvest_roll
2025-09-18,open,harvest_roll,2,2027-09-17,581.8773725125292,593.1176147460938,0.15,78.08259235990106,-15617.81847198021,0.7000078540835803,729,"replaces old 2 contracts, proceeds=22919"
2025-09-18,close,harvest_roll,3,2026-12-18,504.964985422424,593.1176147460938,0.15,114.60182204729817,34378.59661418945,0.9008493645978672,456,roll_harvest_roll
2025-09-18,open,harvest_roll,3,2027-09-17,581.8773725125292,593.1176147460938,0.15,78.08259235990106,-23426.727707970316,0.7000078540835803,729,"replaces old 3 contracts, proceeds=34379"
2025-09-22,close,harvest_roll,3,2026-12-18,509.0854241566734,600.667724609375,0.15,117.74227265464687,35320.731796394066,0.9057434263411466,452,roll_harvest_roll
2025-09-22,open,harvest_roll,3,2027-09-17,589.1738947641045,600.667724609375,0.15,78.88693007711802,-23668.029023135405,0.7000079378970355,725,"replaces old 3 contracts, proceeds=35321"
2025-10-14,open,entry,6,2027-12-17,578.998141041596,593.7952358040048,0.17021162338333015,90.22327060966299,-54137.862365797795,0.700000771619713,794,budget=54570
2025-11-04,open,entry,6,2027-12-17,603.8786066397257,621.6941527131348,0.17689296940409452,96.4250846545338,-57858.95079272029,0.7000003898171451,773,budget=64853
2026-03-02,open,entry,5,2028-03-17,577.1470228877937,598.1058012495889,0.1799961086003129,92.70713466122913,-46356.81733061457,0.7000002456017219,746,budget=51544
2026-04-17,close,final_close,2,2027-06-18,521.1687929461082,648.8499755859375,0.22513092006557042,157.33627317773193,31465.954635546386,0.8778328329145018,427,end_of_backtest
2026-04-17,close,final_close,1,2027-09-17,530.8084512571163,648.8499755859375,0.22513092006557042,156.63053368605665,15662.403368605666,0.8512172281153331,518,end_of_backtest
2026-04-17,close,final_close,3,2027-09-17,530.8084512571163,648.8499755859375,0.22513092006557042,156.63053368605665,46987.210105817,0.8512172281153331,518,end_of_backtest
2026-04-17,close,final_close,1,2027-09-17,531.0076250100121,648.8499755859375,0.22513092006557042,156.48261931372045,15647.611931372045,0.8509036775450404,518,end_of_backtest
2026-04-17,close,final_close,2,2027-09-17,534.092163852779,648.8499755859375,0.22513092006557042,154.20167528800152,30839.035057600307,0.8460032932858523,518,end_of_backtest
2026-04-17,close,final_close,1,2027-09-17,534.092163852779,648.8499755859375,0.22513092006557042,154.20167528800152,15419.517528800154,0.8460032932858523,518,end_of_backtest
2026-04-17,close,final_close,1,2027-09-17,534.092163852779,648.8499755859375,0.22513092006557042,154.20167528800152,15419.517528800154,0.8460032932858523,518,end_of_backtest
2026-04-17,close,final_close,1,2027-09-17,534.092163852779,648.8499755859375,0.22513092006557042,154.20167528800152,15419.517528800154,0.8460032932858523,518,end_of_backtest
2026-04-17,close,final_close,1,2027-09-17,534.092163852779,648.8499755859375,0.22513092006557042,154.20167528800152,15419.517528800154,0.8460032932858523,518,end_of_backtest
2026-04-17,close,final_close,1,2027-09-17,534.092163852779,648.8499755859375,0.22513092006557042,154.20167528800152,15419.517528800154,0.8460032932858523,518,end_of_backtest
2026-04-17,close,final_close,1,2027-09-17,534.092163852779,648.8499755859375,0.22513092006557042,154.20167528800152,15419.517528800154,0.8460032932858523,518,end_of_backtest
2026-04-17,close,final_close,1,2027-09-17,534.092163852779,648.8499755859375,0.22513092006557042,154.20167528800152,15419.517528800154,0.8460032932858523,518,end_of_backtest
2026-04-17,close,final_close,1,2027-09-17,534.092163852779,648.8499755859375,0.22513092006557042,154.20167528800152,15419.517528800154,0.8460032932858523,518,end_of_backtest
2026-04-17,close,final_close,1,2027-09-17,534.092163852779,648.8499755859375,0.22513092006557042,154.20167528800152,15419.517528800154,0.8460032932858523,518,end_of_backtest
2026-04-17,close,final_close,1,2027-09-17,534.092163852779,648.8499755859375,0.22513092006557042,154.20167528800152,15419.517528800154,0.8460032932858523,518,end_of_backtest
2026-04-17,close,final_close,1,2027-09-17,534.092163852779,648.8499755859375,0.22513092006557042,154.20167528800152,15419.517528800154,0.8460032932858523,518,end_of_backtest
2026-04-17,close,final_close,1,2027-09-17,534.092163852779,648.8499755859375,0.22513092006557042,154.20167528800152,15419.517528800154,0.8460032932858523,518,end_of_backtest
2026-04-17,close,final_close,3,2027-09-17,541.1129694972129,648.8499755859375,0.22513092006557042,149.07914103962796,44721.79231188839,0.8345432526830131,518,end_of_backtest
2026-04-17,close,final_close,3,2027-09-17,541.1129694972129,648.8499755859375,0.22513092006557042,149.07914103962796,44721.79231188839,0.8345432526830131,518,end_of_backtest
2026-04-17,close,final_close,2,2027-09-17,541.1129694972129,648.8499755859375,0.22513092006557042,149.07914103962796,29814.528207925592,0.8345432526830131,518,end_of_backtest
2026-04-17,close,final_close,3,2027-09-17,541.8838039355636,648.8499755859375,0.22513092006557042,148.52265270600782,44554.84581180235,0.8332596443773411,518,end_of_backtest
2026-04-17,close,final_close,2,2027-09-17,541.8838039355636,648.8499755859375,0.22513092006557042,148.52265270600782,29703.230541201563,0.8332596443773411,518,end_of_backtest
2026-04-17,close,final_close,1,2027-09-17,551.4842950769735,648.8499755859375,0.22513092006557042,141.69186576225474,14168.536576225473,0.8168673614911692,518,end_of_backtest
2026-04-17,close,final_close,4,2027-09-17,552.1599444612295,648.8499755859375,0.22513092006557042,141.21819260147413,56484.67704058965,0.8156861828720143,518,end_of_backtest
2026-04-17,close,final_close,5,2027-09-17,541.9149391962044,648.8499755859375,0.22513092006557042,148.50020009429602,74246.85004714801,0.8332076935161608,518,end_of_backtest
2026-04-17,close,final_close,3,2027-09-17,561.7158796846563,648.8499755859375,0.22513092006557042,134.61994330725165,40384.0329921755,0.798611715705698,518,end_of_backtest
2026-04-17,close,final_close,3,2027-09-17,561.7158796846563,648.8499755859375,0.22513092006557042,134.61994330725165,40384.0329921755,0.798611715705698,518,end_of_backtest
2026-04-17,close,final_close,1,2027-09-17,566.4463774976675,648.8499755859375,0.22513092006557042,131.42426751266024,13141.776751266025,0.7899151118174954,518,end_of_backtest
2026-04-17,close,final_close,1,2027-09-17,566.4463774976675,648.8499755859375,0.22513092006557042,131.42426751266024,13141.776751266025,0.7899151118174954,518,end_of_backtest
2026-04-17,close,final_close,1,2027-09-17,566.4463774976675,648.8499755859375,0.22513092006557042,131.42426751266024,13141.776751266025,0.7899151118174954,518,end_of_backtest
2026-04-17,close,final_close,1,2027-09-17,566.4463774976675,648.8499755859375,0.22513092006557042,131.42426751266024,13141.776751266025,0.7899151118174954,518,end_of_backtest
2026-04-17,close,final_close,2,2027-09-17,566.4463774976675,648.8499755859375,0.22513092006557042,131.42426751266024,26283.55350253205,0.7899151118174954,518,end_of_backtest
2026-04-17,close,final_close,5,2027-09-17,548.4255865051406,648.8499755859375,0.22513092006557042,143.84789021778633,71920.69510889317,0.8221700321243046,518,end_of_backtest
2026-04-17,close,final_close,3,2027-09-17,567.0233387422519,648.8499755859375,0.22513092006557042,131.03773883953022,39309.371651859066,0.788843849303356,518,end_of_backtest
2026-04-17,close,final_close,4,2027-09-17,571.079573729786,648.8499755859375,0.22513092006557042,128.34028837527194,51333.51535010878,0.7812496157401847,518,end_of_backtest
2026-04-17,close,final_close,2,2027-09-17,573.5750120229475,648.8499755859375,0.22513092006557042,126.69824181728478,25338.348363456957,0.7765241872080367,518,end_of_backtest
2026-04-17,close,final_close,2,2027-09-17,573.5750120229475,648.8499755859375,0.22513092006557042,126.69824181728478,25338.348363456957,0.7765241872080367,518,end_of_backtest
2026-04-17,close,final_close,3,2027-09-17,573.5750120229475,648.8499755859375,0.22513092006557042,126.69824181728478,38007.522545185435,0.7765241872080367,518,end_of_backtest
2026-04-17,close,final_close,3,2027-09-17,573.5750120229475,648.8499755859375,0.22513092006557042,126.69824181728478,38007.522545185435,0.7765241872080367,518,end_of_backtest
2026-04-17,close,final_close,2,2027-09-17,573.5750120229475,648.8499755859375,0.22513092006557042,126.69824181728478,25338.348363456957,0.7765241872080367,518,end_of_backtest
2026-04-17,close,final_close,2,2027-09-17,581.8773725125292,648.8499755859375,0.22513092006557042,121.3315849522974,24265.01699045948,0.7605255481151152,518,end_of_backtest
2026-04-17,close,final_close,3,2027-09-17,581.8773725125292,648.8499755859375,0.22513092006557042,121.3315849522974,36397.52548568922,0.7605255481151152,518,end_of_backtest
2026-04-17,close,final_close,3,2027-09-17,589.1738947641045,648.8499755859375,0.22513092006557042,116.73856243279971,35019.618729839916,0.746138195711524,518,end_of_backtest
2026-04-17,close,final_close,6,2027-12-17,578.998141041596,648.8499755859375,0.22513092006557042,130.62748418383893,78372.59051030336,0.7633264859678484,609,end_of_backtest
2026-04-17,close,final_close,6,2027-12-17,603.8786066397257,648.8499755859375,0.22513092006557042,115.63387718348233,69376.4263100894,0.7174641350364848,609,end_of_backtest
2026-04-17,close,final_close,5,2028-03-17,577.1470228877937,648.8499755859375,0.22513092006557042,138.82264328133826,69408.07164066914,0.7650393450474784,700,end_of_backtest
